-- phpMyAdmin SQL Dump
-- version 4.8.4
-- https://www.phpmyadmin.net/
--
-- Host: 127.0.0.1
-- Generation Time: Jan 17, 2019 at 02:30 AM
-- Server version: 10.1.37-MariaDB
-- PHP Version: 7.3.0

SET SQL_MODE = "NO_AUTO_VALUE_ON_ZERO";
SET AUTOCOMMIT = 0;
START TRANSACTION;
SET time_zone = "+00:00";


/*!40101 SET @OLD_CHARACTER_SET_CLIENT=@@CHARACTER_SET_CLIENT */;
/*!40101 SET @OLD_CHARACTER_SET_RESULTS=@@CHARACTER_SET_RESULTS */;
/*!40101 SET @OLD_COLLATION_CONNECTION=@@COLLATION_CONNECTION */;
/*!40101 SET NAMES utf8mb4 */;

--
-- Database: `hurtajadmin`
--

-- --------------------------------------------------------

--
-- Table structure for table `hurtajadmin_attendance`
--

CREATE TABLE `hurtajadmin_attendance` (
  `id` int(11) NOT NULL,
  `employee_id` varchar(255) NOT NULL,
  `attendance_date_in_out` datetime NOT NULL,
  `attendance_value` varchar(255) NOT NULL,
  `attendance_date_added` datetime NOT NULL,
  `attendance_status` int(11) NOT NULL
) ENGINE=InnoDB DEFAULT CHARSET=latin1;

-- --------------------------------------------------------

--
-- Table structure for table `hurtajadmin_cash_loan_advance`
--

CREATE TABLE `hurtajadmin_cash_loan_advance` (
  `id` int(11) NOT NULL,
  `employee_id` varchar(255) NOT NULL,
  `cash_loan_advance_type` int(11) NOT NULL,
  `cash_loan_advance_amount` varchar(255) NOT NULL,
  `cash_loan_advance_date` datetime NOT NULL,
  `cash_loan_advance_status` int(11) NOT NULL
) ENGINE=InnoDB DEFAULT CHARSET=latin1;

-- --------------------------------------------------------

--
-- Table structure for table `hurtajadmin_collectibles`
--

CREATE TABLE `hurtajadmin_collectibles` (
  `id` int(11) NOT NULL,
  `company_id` int(11) NOT NULL,
  `collectibles_total_amount` varchar(255) NOT NULL,
  `collectibles_po_number` varchar(255) NOT NULL,
  `collectibles_invoice_number` varchar(255) NOT NULL,
  `collectibles_invoice_date` datetime NOT NULL,
  `collectibles_maturity_date` datetime NOT NULL,
  `collectibles_paid_left_days` int(11) DEFAULT NULL,
  `collectibles_paid_exceed_days` int(11) DEFAULT NULL,
  `collectibles_dr_number` varchar(255) DEFAULT NULL,
  `collectibles_delivery_date` datetime DEFAULT NULL,
  `collectibles_remarks_paid` varchar(255) DEFAULT NULL,
  `collectibles_or_number` varchar(255) DEFAULT NULL,
  `collectibles_or_date` datetime DEFAULT NULL,
  `collectibles_date_added` datetime DEFAULT NULL,
  `collectibles_status` int(11) NOT NULL
) ENGINE=InnoDB DEFAULT CHARSET=latin1;

--
-- Dumping data for table `hurtajadmin_collectibles`
--

INSERT INTO `hurtajadmin_collectibles` (`id`, `company_id`, `collectibles_total_amount`, `collectibles_po_number`, `collectibles_invoice_number`, `collectibles_invoice_date`, `collectibles_maturity_date`, `collectibles_paid_left_days`, `collectibles_paid_exceed_days`, `collectibles_dr_number`, `collectibles_delivery_date`, `collectibles_remarks_paid`, `collectibles_or_number`, `collectibles_or_date`, `collectibles_date_added`, `collectibles_status`) VALUES
(1, 1, '₱61,750.00', '4504569126', '1722', '2018-09-20 00:00:00', '2018-10-25 00:00:00', 0, 0, '2407', '2018-09-20 00:00:00', '', '', '1970-01-01 00:00:00', '2018-06-27 15:41:24', 3),
(2, 3, '₱5,435', '345345', '345345', '2018-06-28 00:00:00', '2018-06-28 00:00:00', 0, 0, '345345', '2018-06-27 00:00:00', 'dfhgdfhg', '345345', '2018-06-29 00:00:00', '2018-06-27 15:43:39', 3),
(3, 3, '₱25,555', '345345', '234234', '2018-06-29 00:00:00', '2018-06-30 00:00:00', 0, 0, '', '0000-00-00 00:00:00', '', '', '0000-00-00 00:00:00', '2018-06-27 15:49:59', 3),
(4, 4, '₱4,100.00', 'HB181157', '1472', '2018-07-27 00:00:00', '2018-08-27 00:00:00', 0, 0, '2106', '2018-07-27 00:00:00', 'PAID', '1558', '2018-09-14 00:00:00', '2018-06-27 15:51:17', 2),
(5, 5, '₱30,400.00', '12707', '1539', '2018-08-23 00:00:00', '2018-09-23 00:00:00', 0, 0, '2238', '2018-08-23 00:00:00', 'PAID', '1557', '2018-09-14 00:00:00', '2018-06-27 15:53:09', 2),
(6, 4, '₱15,500.00', 'HB181002', '1342', '2018-06-28 00:00:00', '2018-07-28 00:00:00', 0, 0, '1979', '2018-06-28 00:00:00', 'PAID', '', '1970-01-01 00:00:00', '2018-06-29 02:41:29', 2),
(7, 4, '₱3,500.00', 'HB181038', '1316', '2018-06-26 00:00:00', '2018-07-26 00:00:00', 0, 0, '1957', '2018-06-26 00:00:00', '', '', '0000-00-00 00:00:00', '2018-06-29 02:47:24', 2),
(8, 5, '₱15,675.00', '011561', '1298', '2018-06-20 00:00:00', '2018-07-20 00:00:00', 0, 0, '1935', '2018-06-20 00:00:00', '', '', '0000-00-00 00:00:00', '2018-06-29 02:51:37', 2),
(9, 5, '₱17,500.00', '12123', '1313', '2018-06-22 00:00:00', '2018-07-22 00:00:00', 0, 0, '1949', '2018-06-22 00:00:00', 'PAID', '0017', '2018-07-27 00:00:00', '2018-06-29 02:52:20', 2),
(10, 10, '₱94,100.00', 'PHM180718', '1521', '2018-08-22 00:00:00', '2018-09-22 00:00:00', 0, 0, '2117/2133/2138/2165', '2018-08-07 00:00:00', 'PAID', '0088', '2018-09-21 00:00:00', '2018-06-29 02:53:05', 2),
(11, 1, '₱91,400.00', '4504508815', '1303', '2018-06-20 00:00:00', '2018-07-25 00:00:00', 0, 0, '1938', '2018-06-20 00:00:00', '', '', '0000-00-00 00:00:00', '2018-06-29 02:56:09', 2),
(12, 12, '₱135,000.00', 'PO00005752', '1436', '2018-07-18 00:00:00', '2018-08-18 00:00:00', 0, 0, '2101', '2018-07-18 00:00:00', 'PAID', '0072', '2018-08-17 00:00:00', '2018-06-29 03:01:47', 2),
(13, 13, '₱11,316.00', '115619', '1120', '2018-05-07 00:00:00', '2018-06-07 00:00:00', 0, 0, '1750', '2018-05-07 00:00:00', '', '', '1970-01-01 00:00:00', '2018-06-29 03:02:53', 2),
(14, 1, '₱25,200.00', '4504517778', '1306', '2018-06-20 00:00:00', '2018-07-25 00:00:00', 0, 0, '1941', '2018-06-20 00:00:00', '', '', '0000-00-00 00:00:00', '2018-06-29 03:04:14', 2),
(15, 1, '₱54,840.00', '4504489575', '1198', '2018-06-11 00:00:00', '2018-07-25 00:00:00', 0, 0, '1911', '2018-06-11 00:00:00', '', '', '0000-00-00 00:00:00', '2018-06-29 03:05:12', 2),
(16, 1, '₱98,250.00', '4504511708', '1199', '2018-06-11 00:00:00', '2018-07-25 00:00:00', 0, 0, '1912', '2018-06-11 00:00:00', '', '', '0000-00-00 00:00:00', '2018-06-29 03:06:10', 2),
(17, 6, '₱7,777.28', '55071-180155', '1308', '2018-06-21 00:00:00', '2018-07-21 00:00:00', 0, 0, '1947', '2018-06-21 00:00:00', 'PAID', '0041', '2018-08-22 00:00:00', '2018-06-29 03:20:50', 2),
(18, 4, '₱10,300.00', 'HB180889', '1214', '2018-05-22 00:00:00', '2018-06-22 00:00:00', 0, 0, '1823', '2018-05-22 00:00:00', '', '', '0000-00-00 00:00:00', '2018-06-29 03:35:17', 3),
(19, 4, '₱5,500.00', 'HB180952', '1243', '2018-06-01 00:00:00', '2018-07-01 00:00:00', 0, 0, '1873', '2018-06-01 00:00:00', 'PAID', '0018', '2018-07-27 00:00:00', '2018-06-29 03:36:15', 2),
(20, 4, '₱4,900.00', 'HB180972', '1153', '2018-06-05 00:00:00', '2018-07-05 00:00:00', 0, 0, '1881', '2018-06-05 00:00:00', 'PAID', '0018', '2018-07-27 00:00:00', '2018-06-29 03:37:07', 2),
(21, 7, '₱21,700.00', '18-0098L', '1302', '2018-06-20 00:00:00', '2018-07-20 00:00:00', 0, 0, '1936', '2018-06-20 00:00:00', 'PAID', '0101', '2018-08-03 00:00:00', '2018-06-29 03:40:55', 2),
(22, 7, '₱7,560.00', '18-0104L', '1312', '2018-06-22 00:00:00', '2018-07-22 00:00:00', 0, 0, '1948', '2018-06-22 00:00:00', 'PAID', '0102', '2018-08-03 00:00:00', '2018-06-29 03:42:25', 2),
(23, 8, '₱450,000.00', '7123965', '1100', '2018-04-25 00:00:00', '2018-05-25 00:00:00', 0, 0, '1708', '2018-04-25 00:00:00', 'Paid', '1472', '2018-06-22 00:00:00', '2018-06-29 03:46:47', 2),
(24, 8, '₱79,790.00', '7128962', '1237', '2018-05-31 00:00:00', '2018-06-30 00:00:00', 0, 0, '1867', '2018-05-31 00:00:00', '', '', '0000-00-00 00:00:00', '2018-06-29 03:47:54', 2),
(25, 8, '₱35,800.00', '7128963', '1238', '2018-05-31 00:00:00', '2018-06-30 00:00:00', 0, 0, '1868', '2018-05-31 00:00:00', '', '', '0000-00-00 00:00:00', '2018-06-29 03:48:45', 2),
(26, 5, '₱17,500.00', '11765', '1110', '2018-04-30 00:00:00', '2018-05-30 00:00:00', 0, 0, '1721', '2018-04-30 00:00:00', 'PAID', '1497', '2018-07-06 00:00:00', '2018-06-29 03:50:43', 2),
(27, 5, '₱75,000.00', '11815', '1213', '2018-05-21 00:00:00', '2018-06-21 00:00:00', 0, 0, '1773', '2018-05-11 00:00:00', 'PAID', '1497', '2018-07-06 00:00:00', '2018-06-29 03:51:43', 2),
(28, 9, '₱3,620.00', '0017064', '1131', '2018-05-08 00:00:00', '2018-06-24 00:00:00', 0, 0, '1144', '2017-11-24 00:00:00', '', '', '1970-01-01 00:00:00', '2018-06-29 04:04:34', 2),
(29, 9, '₱12,006.10', '0016796', '1224', '2018-05-25 00:00:00', '2018-06-25 00:00:00', 0, 0, '1048', '2017-10-30 00:00:00', '', '', '0000-00-00 00:00:00', '2018-06-29 04:05:44', 2),
(30, 10, '₱12,180.00', 'PHM180444', '1150', '2018-05-18 00:00:00', '2018-06-18 00:00:00', 0, 0, '1795 / 1803', '2018-05-18 00:00:00', 'PAID', '1445', '2018-06-22 00:00:00', '2018-06-29 04:48:38', 2),
(31, 10, '₱10,380.00', 'PHM180507', '1152', '2018-05-30 00:00:00', '2018-06-30 00:00:00', 0, 0, '1857', '2018-05-30 00:00:00', 'PAID', '1446', '2018-06-22 00:00:00', '2018-06-29 04:50:47', 2),
(32, 10, '₱22,929.60', 'PHM180539', '1285', '2018-06-14 00:00:00', '2018-07-14 00:00:00', 0, 0, '1885 / 1917', '2018-06-07 00:00:00', 'PAID', '0005', '2018-07-16 00:00:00', '2018-06-29 04:52:27', 2),
(33, 10, '₱23,620.80', 'PHM180551', '1286', '2018-06-14 00:00:00', '2018-07-14 00:00:00', 0, 0, '1918', '2018-06-14 00:00:00', 'PAID', '00004', '2018-07-16 00:00:00', '2018-06-29 04:53:27', 2),
(34, 10, '₱11,500.00', 'PHM180552', '1345', '2018-06-29 00:00:00', '2018-07-30 00:00:00', 0, 0, '1982', '2018-06-30 00:00:00', 'PAID', '0035', '2018-08-17 00:00:00', '2018-06-30 00:57:10', 2),
(35, 2, '₱6,840.00', 'SCO1376-18', '1315', '2018-06-26 00:00:00', '2018-07-26 00:00:00', 0, 0, '1956', '2018-06-26 00:00:00', 'PAID', '0026', '2018-08-06 00:00:00', '2018-07-01 18:43:53', 2),
(36, 2, '₱8,930.00', 'SCO1356-18', '1339', '2018-06-28 00:00:00', '2018-07-28 00:00:00', 0, 0, '1977', '2018-06-28 00:00:00', 'PAID', '0026', '2018-08-06 00:00:00', '2018-07-01 18:45:30', 2),
(37, 2, '₱2,470.00', 'SCO1364-18', '1340', '2018-06-28 00:00:00', '2018-07-28 00:00:00', 0, 0, '1978', '2018-06-28 00:00:00', 'PAID', '0026', '2018-08-06 00:00:00', '2018-07-01 18:46:23', 2),
(38, 1, '₱10,320.00', '4504504347', '1188', '2018-06-08 00:00:00', '2018-07-25 00:00:00', 0, 0, '1900', '2018-06-08 00:00:00', '', '', '0000-00-00 00:00:00', '2018-07-01 23:43:28', 2),
(39, 1, '₱19,000.00', '4504498570', '1189', '2018-06-08 00:00:00', '2018-07-25 00:00:00', 0, 0, '1901', '2018-06-08 00:00:00', '', '', '0000-00-00 00:00:00', '2018-07-01 23:44:23', 2),
(40, 1, '₱31,040.00', '4504510794', '1177', '2018-06-07 00:00:00', '2018-07-25 00:00:00', 0, 0, '1888', '2018-06-07 00:00:00', '', '', '0000-00-00 00:00:00', '2018-07-01 23:45:08', 2),
(41, 1, '₱1,030.00', '4504498570', '1176', '2018-06-07 00:00:00', '2018-07-25 00:00:00', 0, 0, '1887', '2018-06-07 00:00:00', '', '', '0000-00-00 00:00:00', '2018-07-01 23:47:16', 2),
(42, 1, '₱45,700.00', '4504489575', '1175', '2018-06-07 00:00:00', '2018-07-25 00:00:00', 0, 0, '1886', '2018-06-07 00:00:00', '', '', '0000-00-00 00:00:00', '2018-07-01 23:50:40', 2),
(43, 1, '₱14,440.00', '4504498570', '1246', '2018-06-01 00:00:00', '2018-07-25 00:00:00', 0, 0, '1877', '2018-06-01 00:00:00', '', '', '0000-00-00 00:00:00', '2018-07-01 23:51:38', 2),
(44, 1, '₱4,020.00', '4504504347', '1245', '2018-06-01 00:00:00', '2018-07-25 00:00:00', 0, 0, '1876', '2018-06-01 00:00:00', '', '', '0000-00-00 00:00:00', '2018-07-01 23:53:49', 2),
(45, 1, '₱63,980.00', '4504489575', '1244', '2018-06-01 00:00:00', '2018-07-25 00:00:00', 0, 0, '1875', '2018-06-01 00:00:00', '', '', '0000-00-00 00:00:00', '2018-07-01 23:55:13', 2),
(46, 10, '₱11,975.04', 'PHM180609', '1368', '2018-07-02 00:00:00', '2018-08-03 00:00:00', 0, 0, '1953', '2018-07-03 00:00:00', 'PAID', '0104', '2018-08-03 00:00:00', '2018-07-03 04:20:54', 2),
(47, 10, '₱24,597.60', 'PHM180599', '1367', '2018-07-02 00:00:00', '2018-08-03 00:00:00', 0, 0, '1996', '2018-07-03 00:00:00', 'PAID', '0109', '2018-08-03 00:00:00', '2018-07-03 04:22:02', 2),
(48, 3, '₱18,810.00', '67288/0', '1376', '2018-07-03 00:00:00', '2018-08-03 00:00:00', 0, 0, '2002', '2018-07-03 00:00:00', '', '', '0000-00-00 00:00:00', '2018-07-03 04:23:29', 2),
(49, 3, '₱7,500.00', '67324/0', '1377', '2018-07-03 00:00:00', '2018-10-01 00:00:00', 0, 0, '2003', '2018-07-03 00:00:00', 'PAID', '0124', '2018-10-19 00:00:00', '2018-07-03 04:24:43', 2),
(50, 20, '₱8,672.00', '24110/003944', '1278', '2018-06-08 00:00:00', '2018-08-03 00:00:00', 0, 0, '1890', '2018-06-08 00:00:00', '', '', '0000-00-00 00:00:00', '2018-07-03 04:42:38', 2),
(51, 21, '₱214,415.70', '37081-180056', '1378', '2018-07-04 00:00:00', '2018-08-04 00:00:00', 0, 0, '2004', '2018-07-04 00:00:00', 'PAID', '0040', '2018-08-22 00:00:00', '2018-07-03 20:15:12', 2),
(52, 1, '₱1,140.00', '4504532190', '1352', '2018-07-03 00:00:00', '2018-08-25 00:00:00', 0, 0, '1987', '2018-07-03 00:00:00', '', '', '0000-00-00 00:00:00', '2018-07-03 20:23:58', 2),
(53, 1, '₱22,778.00', '4504527692', '1353', '2018-07-03 00:00:00', '2018-08-25 00:00:00', 0, 0, '1988', '2018-07-03 00:00:00', '', '', '0000-00-00 00:00:00', '2018-07-03 20:24:42', 2),
(54, 1, '₱3,445.00', '4504523452', '1354', '2018-07-03 00:00:00', '2018-08-25 00:00:00', 0, 0, '1989', '2018-07-03 00:00:00', '', '', '0000-00-00 00:00:00', '2018-07-03 20:25:29', 2),
(55, 1, '₱31,440.00', '4504524196', '1355', '2018-07-03 00:00:00', '2018-08-25 00:00:00', 0, 0, '1990', '2018-07-03 00:00:00', '', '', '0000-00-00 00:00:00', '2018-07-03 20:27:54', 2),
(56, 1, '₱305,550.00', '4504523490', '1356', '2018-07-03 00:00:00', '2018-08-25 00:00:00', 0, 0, '1991', '2018-07-03 00:00:00', '', '', '0000-00-00 00:00:00', '2018-07-03 20:28:49', 2),
(57, 1, '₱11,425.00', '4504522240', '1357', '2018-07-03 00:00:00', '2018-08-25 00:00:00', 0, 0, '1992', '2018-07-03 00:00:00', '', '', '0000-00-00 00:00:00', '2018-07-03 20:30:11', 2),
(58, 1, '₱22,000.00', '4504522262', '1358', '2018-07-03 00:00:00', '2018-08-25 00:00:00', 0, 0, '1993', '2018-07-03 00:00:00', '', '', '0000-00-00 00:00:00', '2018-07-03 20:31:00', 2),
(59, 1, '₱58,800.00', '4504517778', '1359', '2018-07-03 00:00:00', '2018-08-25 00:00:00', 0, 0, '1994', '2018-07-03 00:00:00', '', '', '0000-00-00 00:00:00', '2018-07-03 20:31:57', 2),
(60, 1, '₱91,400.00', '4504508815', '1360', '2018-07-03 00:00:00', '2018-08-25 00:00:00', 0, 0, '1995', '2018-07-03 00:00:00', '', '', '0000-00-00 00:00:00', '2018-07-03 20:32:42', 2),
(61, 1, '₱15,200.00', '4504527842', '1372', '2018-07-03 00:00:00', '2018-08-25 00:00:00', 0, 0, '1999', '2018-07-03 00:00:00', '', '', '0000-00-00 00:00:00', '2018-07-03 20:33:26', 2),
(62, 7, '₱2,600.00', '18-0134L', '1380', '2018-07-05 00:00:00', '2018-08-05 00:00:00', 0, 0, '2005', '2018-07-05 00:00:00', 'PAID', '0032', '2018-08-17 00:00:00', '2018-07-05 02:16:47', 2),
(63, 2, '₱7,203.60', 'SCO1247-18Rev.1', '1404', '2018-07-09 00:00:00', '2018-08-09 00:00:00', 0, 0, '2023', '2018-07-06 00:00:00', '', '', '0000-00-00 00:00:00', '2018-07-06 02:38:07', 2),
(64, 2, '₱9,990.00', 'SCO1247-18Rev.1', '1406', '2018-07-06 00:00:00', '2018-08-06 00:00:00', 0, 0, '2024', '2018-07-06 00:00:00', '', '', '0000-00-00 00:00:00', '2018-07-06 02:39:05', 2),
(65, 12, '₱315,000.00', '00005741', '1333', '2018-06-28 00:00:00', '2018-07-21 00:00:00', 0, 0, '1968', '2018-06-13 00:00:00', 'PAID', '0051', '2018-07-20 00:00:00', '2018-07-06 02:41:14', 2),
(66, 1, '₱9,270.00', '4504530569', '1382', '2018-07-06 00:00:00', '2018-08-25 00:00:00', 0, 0, '2010', '2018-07-06 00:00:00', '', '', '0000-00-00 00:00:00', '2018-07-06 02:42:27', 2),
(67, 1, '₱10,300.00', 'A201806120137', '1387', '2018-07-06 00:00:00', '2018-08-25 00:00:00', 0, 0, '2013', '2018-07-06 00:00:00', '', '', '0000-00-00 00:00:00', '2018-07-06 02:43:24', 2),
(68, 2, '₱4,275.00', 'SCO1461-18', '1401', '2018-07-09 00:00:00', '2018-08-10 00:00:00', 0, 0, '2020', '2018-07-09 00:00:00', '', '', '0000-00-00 00:00:00', '2018-07-09 20:41:57', 2),
(69, 2, '₱902.50', 'SCO1464-18', '1402', '2018-07-09 00:00:00', '2018-08-09 00:00:00', 0, 0, '2021', '2018-07-09 00:00:00', '', '', '0000-00-00 00:00:00', '2018-07-09 20:42:44', 2),
(70, 2, '₱1,260.00', 'SCO1473-18', '1403', '2018-07-09 00:00:00', '2018-08-10 00:00:00', 0, 0, '2022', '2018-07-09 00:00:00', '', '', '0000-00-00 00:00:00', '2018-07-09 20:43:21', 2),
(71, 10, '₱170,000.00', 'PHM180680', '1397', '2018-07-10 00:00:00', '2018-08-10 00:00:00', 0, 0, '2015/2025', '2018-07-10 00:00:00', '', '', '0000-00-00 00:00:00', '2018-07-10 01:00:23', 2),
(72, 10, '₱16,000.00', 'PHM180685', '1398', '2018-07-10 00:00:00', '2018-08-10 00:00:00', 0, 0, '2006/2016', '2018-07-10 00:00:00', 'PAID', '0108', '2018-08-03 00:00:00', '2018-07-10 01:01:46', 2),
(73, 14, '₱167,020.00', '0', '1248', '2018-06-04 00:00:00', '2018-07-04 00:00:00', 0, 0, '0', '2018-06-04 00:00:00', 'PAID', '0007', '2018-07-16 00:00:00', '2018-07-11 03:50:32', 2),
(74, 14, '₱917,900.00', '0', '1343', '2018-06-28 00:00:00', '2018-07-28 00:00:00', 0, 0, '1869 / 1923', '2018-07-16 00:00:00', '', '', '0000-00-00 00:00:00', '2018-07-11 03:51:29', 2),
(75, 14, '₱112,000.00', '0', '1344', '2018-06-28 00:00:00', '2018-07-28 00:00:00', 0, 0, '0', '2018-06-28 00:00:00', 'PAID', '1500', '2018-07-12 00:00:00', '2018-07-11 03:52:12', 2),
(76, 14, '₱155,000.00', '0', '1394', '2018-07-09 00:00:00', '2018-08-09 00:00:00', 0, 0, '0', '2018-07-09 00:00:00', 'PAID', '', '1970-01-01 00:00:00', '2018-07-11 03:52:48', 2),
(77, 7, '₱7,560.00', '18-0121L', '1416', '2018-07-12 00:00:00', '2018-08-12 00:00:00', 0, 0, '2036', '2018-07-12 00:00:00', 'PAID', '0103', '2018-08-03 00:00:00', '2018-07-12 01:25:06', 2),
(78, 2, '₱12,825.00', 'SCO1186-18', '1179', '2018-06-08 00:00:00', '2018-07-08 00:00:00', 0, 0, '1891', '2018-06-08 00:00:00', '', '', '0000-00-00 00:00:00', '2018-07-12 01:47:58', 2),
(79, 2, '₱774.00', 'SCO1195-18', '1180', '2018-06-08 00:00:00', '2018-07-08 00:00:00', 0, 0, '1892', '2018-06-08 00:00:00', 'PAID', '0026', '2018-08-06 00:00:00', '2018-07-12 01:48:49', 2),
(80, 2, '₱15,437.50', 'SCO1198-18', '1181', '2018-06-08 00:00:00', '2018-07-08 00:00:00', 0, 0, '1893', '2018-06-08 00:00:00', 'PAID', '0026', '2018-08-06 00:00:00', '2018-07-12 01:49:36', 2),
(81, 2, '₱3,125.50', 'SCO1222-18', '1182', '2018-06-08 00:00:00', '2018-07-08 00:00:00', 0, 0, '1894', '2018-06-08 00:00:00', 'PAID', '0026', '2018-08-06 00:00:00', '2018-07-12 01:51:18', 2),
(82, 2, '₱6,175.00', 'SCO1223-18', '1183', '2018-06-08 00:00:00', '2018-07-08 00:00:00', 0, 0, '1895', '2018-06-08 00:00:00', 'PAID', '0026', '2018-08-06 00:00:00', '2018-07-12 01:52:09', 2),
(83, 2, '₱50,445.00', 'SCO1243-18', '1184', '2018-06-08 00:00:00', '2018-07-08 00:00:00', 0, 0, '1896', '2018-06-08 00:00:00', 'PAID', '0026', '2018-08-06 00:00:00', '2018-07-12 01:53:30', 2),
(84, 2, '₱7,969.55', 'SCO1248-18', '1187', '2018-06-08 00:00:00', '2018-07-08 00:00:00', 0, 0, '1899', '2018-06-08 00:00:00', 'PAID', '0026', '2018-08-06 00:00:00', '2018-07-12 01:54:15', 2),
(85, 2, '₱731.50', 'SCO1093-18', '1287', '2018-06-18 00:00:00', '2018-07-18 00:00:00', 0, 0, '1924', '2018-06-18 00:00:00', 'PAID', '0026', '2018-08-06 00:00:00', '2018-07-12 01:55:43', 2),
(86, 2, '₱4,180.00', 'SCO1301-18', '1288', '2018-06-18 00:00:00', '2018-07-18 00:00:00', 0, 0, '1925', '2018-06-18 00:00:00', 'PAID', '0026', '2018-08-06 00:00:00', '2018-07-12 01:56:54', 2),
(87, 2, '₱7,600.00', 'SCO1302-18', '1289', '2018-06-18 00:00:00', '2018-07-18 00:00:00', 0, 0, '1926', '2018-06-18 00:00:00', 'PAID', '0026', '2018-08-06 00:00:00', '2018-07-12 01:59:44', 2),
(88, 2, '₱4,864.00', 'SCO1303-18', '1290', '2018-06-18 00:00:00', '2018-07-18 00:00:00', 0, 0, '1927', '2018-06-18 00:00:00', '', '', '0000-00-00 00:00:00', '2018-07-12 02:04:13', 2),
(89, 2, '₱12,635.00', 'SCO1304-18', '1291', '2018-06-18 00:00:00', '2018-07-18 00:00:00', 0, 0, '1928', '2018-06-18 00:00:00', 'PAID', '0026', '2018-08-06 00:00:00', '2018-07-12 02:05:00', 2),
(90, 2, '₱10,070.00', 'SCO1305-18', '1292', '2018-06-18 00:00:00', '2018-07-18 00:00:00', 0, 0, '1929', '2018-06-18 00:00:00', 'PAID', '0026', '2018-08-06 00:00:00', '2018-07-12 02:06:05', 2),
(91, 2, '₱11,020.00', 'SCO1306-18', '1293', '2018-06-18 00:00:00', '2018-07-18 00:00:00', 0, 0, '1930', '2018-06-18 00:00:00', 'PAID', '0026', '2018-08-06 00:00:00', '2018-07-12 02:07:37', 2),
(92, 2, '₱17,812.50', 'SCO1309-18', '1294', '2018-06-18 00:00:00', '2018-07-18 00:00:00', 0, 0, '1931', '2018-06-18 00:00:00', 'PAID', '0026', '2018-08-06 00:00:00', '2018-07-12 02:08:33', 2),
(93, 2, '₱1,425.00', 'SCO1334-18', '1296', '2018-06-19 00:00:00', '2018-07-19 00:00:00', 0, 0, '1932', '2018-06-19 00:00:00', 'PAID', '0026', '2018-08-06 00:00:00', '2018-07-12 02:09:30', 2),
(94, 3, '₱7,840.00', '67608/0', '1417', '2018-07-12 00:00:00', '2018-10-10 00:00:00', 0, 0, '2037', '2018-07-12 00:00:00', 'PAID', '0124', '2018-10-19 00:00:00', '2018-07-12 02:17:31', 2),
(95, 3, '₱10,550.00', '67818/0', '1418', '2018-07-12 00:00:00', '2018-09-10 00:00:00', 0, 0, '2038', '2018-07-12 00:00:00', '', '', '0000-00-00 00:00:00', '2018-07-12 02:18:57', 2),
(96, 19, '₱91,528.00', '27734', '1419', '2018-07-12 00:00:00', '2018-08-12 00:00:00', 0, 0, '2039', '2018-07-12 00:00:00', 'PAID', '', '1970-01-01 00:00:00', '2018-07-12 02:56:01', 2),
(97, 13, '₱11,316.00', '115580/046530', '0986', '2018-03-08 00:00:00', '2018-04-08 00:00:00', 0, 0, '1513', '2018-03-08 00:00:00', '', '', '0000-00-00 00:00:00', '2018-07-12 18:16:15', 2),
(98, 13, '₱11,316.00', '115619', '112', '2018-05-07 00:00:00', '2018-06-07 00:00:00', 0, 0, '1750', '2018-05-07 00:00:00', '', '', '0000-00-00 00:00:00', '2018-07-12 18:17:29', 2),
(99, 4, '₱5,000.00', 'HB181108', '1424', '2018-07-13 00:00:00', '2018-08-13 00:00:00', 0, 0, '2008', '2018-07-13 00:00:00', 'PAID', '', '1970-01-01 00:00:00', '2018-07-13 18:11:49', 2),
(100, 5, '₱35,000.00', '12256', '1425', '2018-07-13 00:00:00', '2018-08-13 00:00:00', 0, 0, '2011 / 2041', '2018-07-13 00:00:00', 'PAID', '0037', '2018-08-17 00:00:00', '2018-07-13 18:13:24', 2),
(101, 12, '₱135,000.00', 'PO00005752', '1436', '2018-07-18 00:00:00', '2018-08-18 00:00:00', 0, 0, '2101', '2018-07-18 00:00:00', 'PAID', '0072', '2018-08-17 00:00:00', '2018-07-18 18:33:52', 2),
(102, 1, '₱45,700.00', '4504517387', '1412', '2018-07-13 00:00:00', '2018-08-25 00:00:00', 0, 0, '2031', '2018-07-13 00:00:00', '', '', '0000-00-00 00:00:00', '2018-07-18 18:46:30', 2),
(103, 1, '₱25,800.00', '4504531633', '1413', '2018-07-13 00:00:00', '2018-08-25 00:00:00', 0, 0, '2032', '2018-07-13 00:00:00', '', '', '0000-00-00 00:00:00', '2018-07-18 18:47:14', 2),
(104, 1, '₱230.00', '4504536164', '1414', '2018-07-13 00:00:00', '2018-08-25 00:00:00', 0, 0, '2033', '2018-07-13 00:00:00', '', '', '0000-00-00 00:00:00', '2018-07-18 18:48:12', 2),
(105, 1, '₱8,300.00', '4504533887', '1415', '2018-07-13 00:00:00', '2018-08-25 00:00:00', 0, 0, '2035', '2018-07-13 00:00:00', '', '', '0000-00-00 00:00:00', '2018-07-18 18:51:08', 2),
(106, 1, '₱7,952.00', 'A201807040096', '1426', '2018-07-13 00:00:00', '2018-08-25 00:00:00', 0, 0, '2042', '2018-07-13 00:00:00', '', '', '0000-00-00 00:00:00', '2018-07-18 18:51:56', 2),
(107, 2, '₱6,547.50', 'SC01475-18', '1432', '2018-07-17 00:00:00', '2018-08-17 00:00:00', 0, 0, '2048', '2018-07-17 00:00:00', '', '', '0000-00-00 00:00:00', '2018-07-18 22:22:46', 2),
(108, 2, '₱3,628.24', 'SC01503-18', '1433', '2018-07-17 00:00:00', '2018-08-17 00:00:00', 0, 0, '2049', '2018-07-17 00:00:00', 'PAID', '0077', '2018-08-31 00:00:00', '2018-07-18 22:23:31', 2),
(109, 4, '₱7,700.00', 'HB181145', '1434', '2018-07-17 00:00:00', '2018-08-17 00:00:00', 0, 0, '2050', '2018-07-17 00:00:00', '', '', '0000-00-00 00:00:00', '2018-07-18 22:24:32', 2),
(110, 10, '₱74,290.00', 'PHM180707', '1449', '2018-07-18 00:00:00', '2018-08-19 00:00:00', 0, 0, '2045 / 2102', '2018-07-19 00:00:00', '', '', '0000-00-00 00:00:00', '2018-07-18 22:25:33', 2),
(111, 10, '₱49,000.00', 'PHM180721', '1450', '2018-07-18 00:00:00', '2018-08-19 00:00:00', 0, 0, '2046 / 2103', '2018-07-18 00:00:00', '', '', '0000-00-00 00:00:00', '2018-07-18 22:27:10', 2),
(112, 10, '₱22,797.60', 'PHM180602', '1451', '2018-07-18 00:00:00', '2018-08-19 00:00:00', 0, 0, '2104', '2018-07-19 00:00:00', '', '', '0000-00-00 00:00:00', '2018-07-18 22:27:52', 2),
(113, 2, '₱21,825.00', 'SC01487-18', '1455', '2018-07-20 00:00:00', '2018-08-20 00:00:00', 0, 0, '2107', '2018-07-20 00:00:00', '', '', '0000-00-00 00:00:00', '2018-07-20 23:21:56', 2),
(114, 2, '₱2,200.00', 'SC01504-18', '1456', '2018-07-20 00:00:00', '2018-08-20 00:00:00', 0, 0, '2108', '2018-07-20 00:00:00', '', '', '0000-00-00 00:00:00', '2018-07-20 23:23:17', 2),
(115, 2, '₱16,625.00', 'SC01505-18', '1457', '2018-07-20 00:00:00', '2018-08-20 00:00:00', 0, 0, '2109', '2018-07-20 00:00:00', '', '', '0000-00-00 00:00:00', '2018-07-20 23:24:02', 2),
(116, 7, '₱6,000.00', '18-0151L', '1441', '2018-07-21 00:00:00', '2018-08-21 00:00:00', 0, 0, '2153', '2018-07-21 00:00:00', 'PAID', '0034', '2018-08-17 00:00:00', '2018-07-20 23:25:20', 2),
(117, 1, '₱3,650.00', '4504536129', '1442', '2018-07-20 00:00:00', '2018-08-25 00:00:00', 0, 0, '2154', '2018-07-20 00:00:00', '', '', '0000-00-00 00:00:00', '2018-07-24 22:31:32', 2),
(118, 1, '₱18,924.00', '4504536129', '1443', '2018-07-20 00:00:00', '2018-08-25 00:00:00', 0, 0, '2155', '2018-07-20 00:00:00', '', '', '0000-00-00 00:00:00', '2018-07-24 22:32:42', 2),
(119, 1, '₱33,723.00', '4504538039', '1444', '2018-07-20 00:00:00', '2018-08-25 00:00:00', 0, 0, '2156', '2018-07-20 00:00:00', '', '', '0000-00-00 00:00:00', '2018-07-24 22:33:25', 2),
(120, 1, '₱64,120.00', '4504538369', '1445', '2018-07-20 00:00:00', '2018-08-25 00:00:00', 0, 0, '2157', '2018-07-20 00:00:00', '', '', '0000-00-00 00:00:00', '2018-07-24 22:34:45', 2),
(121, 1, '₱127,960.00', '4504517387', '1446', '2018-07-20 00:00:00', '2018-08-25 00:00:00', 0, 0, '2158', '2018-07-20 00:00:00', '', '', '0000-00-00 00:00:00', '2018-07-24 22:35:33', 2),
(122, 4, '₱4,100.00', 'BH3434', '123123', '2018-08-01 00:00:00', '2018-08-31 00:00:00', 0, 0, '', '1970-01-01 00:00:00', '', '', '1970-01-01 00:00:00', '2018-07-31 23:16:58', 3),
(123, 4, '₱4,100.00', 'HB181157', '1472', '2018-07-27 00:00:00', '2018-08-27 00:00:00', 0, 0, '2106', '2018-07-27 00:00:00', 'PAID', '', '1970-01-01 00:00:00', '2018-08-01 17:19:03', 2),
(124, 7, '₱108,500.00', '18-0112L', '1486', '2018-07-31 00:00:00', '2018-08-31 00:00:00', 0, 0, '2130 / 2150', '2018-07-31 00:00:00', 'PAID', '0033', '2018-08-17 00:00:00', '2018-08-01 17:20:10', 2),
(125, 22, '₱175,134.08', '35742', '1488', '2018-07-31 00:00:00', '2018-08-31 00:00:00', 0, 0, '2115', '2018-07-27 00:00:00', 'PAID', '0111', '2018-08-17 00:00:00', '2018-08-03 19:42:36', 2),
(126, 5, '₱70,000.00', '12301', '1042', '2018-08-04 00:00:00', '2018-09-04 00:00:00', 0, 0, '2148', '2018-08-04 00:00:00', '', '', '0000-00-00 00:00:00', '2018-08-03 22:53:35', 2),
(127, 1, '₱25,518.40', '4504538039', '1480', '2018-08-02 00:00:00', '2018-09-25 00:00:00', 0, 0, '2122', '2018-08-02 00:00:00', '', '', '0000-00-00 00:00:00', '2018-08-05 18:36:58', 2),
(128, 1, '₱19,690.00', '4504542664', '1481', '2018-08-02 00:00:00', '2018-09-25 00:00:00', 0, 0, '2123', '2018-08-02 00:00:00', '', '', '0000-00-00 00:00:00', '2018-08-05 18:43:20', 2),
(129, 1, '₱10,690.00', '4504540626', '1482', '2018-08-02 00:00:00', '2018-09-25 00:00:00', 0, 0, '2124', '2018-08-02 00:00:00', '', '', '0000-00-00 00:00:00', '2018-08-05 18:48:25', 2),
(130, 1, '₱1,764.00', 'A201807170088', '1483', '2018-08-02 00:00:00', '2018-09-25 00:00:00', 0, 0, '2125', '2018-08-02 00:00:00', '', '', '0000-00-00 00:00:00', '2018-08-05 18:49:28', 2),
(131, 1, '₱9,580.00', '4504544292', '1484', '2018-08-02 00:00:00', '2018-09-25 00:00:00', 0, 0, '2126', '2018-08-02 00:00:00', '', '', '0000-00-00 00:00:00', '2018-08-05 18:53:21', 2),
(132, 1, '₱33,960.00', '4504544959', '1485', '2018-08-02 00:00:00', '2018-09-25 00:00:00', 0, 0, '2127', '2018-08-02 00:00:00', '', '', '0000-00-00 00:00:00', '2018-08-05 18:56:28', 2),
(133, 4, '₱17,100.00', 'HB181205', '1500', '2018-08-04 00:00:00', '2018-09-17 00:00:00', 0, 0, '2147', '2018-08-04 00:00:00', '', '', '0000-00-00 00:00:00', '2018-08-17 01:05:18', 2),
(134, 1, '₱48,090.00', '4504555887', '1502', '2018-08-20 00:00:00', '2018-09-25 00:00:00', 0, 0, '2206', '2018-08-20 00:00:00', '', '', '0000-00-00 00:00:00', '2018-08-22 00:37:15', 2),
(135, 1, '₱6,075.00', '4504555810', '1505', '2018-08-20 00:00:00', '2018-09-25 00:00:00', 0, 0, '2209', '2018-08-20 00:00:00', '', '', '0000-00-00 00:00:00', '2018-08-22 00:38:47', 2),
(136, 1, '₱91,404.00', 'A201807240224', '1509', '2018-08-20 00:00:00', '2018-09-25 00:00:00', 0, 0, '2176', '2018-08-10 00:00:00', '', '', '0000-00-00 00:00:00', '2018-08-22 00:40:11', 2),
(137, 1, '₱34,800.00', 'A201807230112', '1510', '2018-08-20 00:00:00', '2018-09-25 00:00:00', 0, 0, '2183', '2018-08-14 00:00:00', '', '', '0000-00-00 00:00:00', '2018-08-22 00:41:15', 2),
(138, 1, '₱1,890.00', 'A20180808020124', '1511', '2018-08-20 00:00:00', '2018-09-25 00:00:00', 0, 0, '2188', '2018-08-16 00:00:00', '', '', '0000-00-00 00:00:00', '2018-08-22 00:41:57', 2),
(139, 1, '₱52,000.00', '4504551821', '1512', '2018-08-20 00:00:00', '2018-09-25 00:00:00', 0, 0, '2189', '2018-08-16 00:00:00', '', '', '0000-00-00 00:00:00', '2018-08-22 00:42:31', 2),
(140, 1, '₱11,700.00', '4504556164', '1513', '2018-08-20 00:00:00', '2018-09-25 00:00:00', 0, 0, '2190', '2018-08-16 00:00:00', '', '', '0000-00-00 00:00:00', '2018-08-22 00:43:09', 2),
(141, 1, '₱34,800.00', '4504554863', '1507', '2018-08-20 00:00:00', '2018-09-25 00:00:00', 0, 0, '2211', '2018-08-20 00:00:00', '', '', '0000-00-00 00:00:00', '2018-08-22 00:46:29', 2),
(142, 1, '₱34,760.00', '4504558304', '1508', '2018-08-20 00:00:00', '2018-09-25 00:00:00', 0, 0, '2212', '0000-00-00 00:00:00', '', '', '0000-00-00 00:00:00', '2018-08-22 00:47:26', 2),
(143, 1, '₱8,550.00', 'A201808010120', '1504', '2018-08-20 00:00:00', '2018-09-25 00:00:00', 0, 0, '2208', '2018-08-20 00:00:00', '', '', '0000-00-00 00:00:00', '2018-08-22 00:48:32', 2),
(144, 1, '₱12,540.00', '4504555589', '1514', '2018-08-20 00:00:00', '2018-09-25 00:00:00', 0, 0, '2207', '2018-08-20 00:00:00', '', '', '0000-00-00 00:00:00', '2018-08-22 00:49:25', 2),
(145, 1, '₱254,700.00', 'A201807160155', '1515', '2018-08-20 00:00:00', '2018-09-25 00:00:00', 0, 0, '2182', '2018-08-14 00:00:00', '', '', '0000-00-00 00:00:00', '2018-08-22 00:50:40', 2),
(146, 1, '₱25,000', 'A201807160155', '1516', '2018-08-20 00:00:00', '2018-09-25 00:00:00', 0, 0, '2191', '2018-08-16 00:00:00', '', '', '0000-00-00 00:00:00', '2018-08-22 00:51:50', 2),
(147, 1, '₱121.50', '4504560394', '1517', '2018-08-20 00:00:00', '2018-09-25 00:00:00', 0, 0, '2192', '2018-08-20 00:00:00', '', '', '0000-00-00 00:00:00', '2018-08-22 00:52:51', 2),
(148, 10, '₱19,198.00', 'PHM180603', '1519', '2018-08-22 00:00:00', '2018-09-22 00:00:00', 0, 0, '2163', '2018-08-07 00:00:00', '', '', '0000-00-00 00:00:00', '2018-08-22 01:15:48', 2),
(149, 10, '₱74,290.00', 'PHM180710', '1520', '2018-08-22 00:00:00', '2018-09-22 00:00:00', 0, 0, '2164/2219', '2018-08-22 00:00:00', '', '', '0000-00-00 00:00:00', '2018-08-22 01:16:46', 2),
(150, 10, '₱94,100.00', 'PHM180718', '1521', '2018-08-22 00:00:00', '2018-09-22 00:00:00', 0, 0, '2117/2133/2138/2165', '2018-08-07 00:00:00', '', '', '0000-00-00 00:00:00', '2018-08-22 01:18:33', 2),
(151, 10, '₱3,750.00', 'PHM180779', '1522', '2018-08-15 00:00:00', '2018-09-22 00:00:00', 0, 0, '2185', '2018-08-15 00:00:00', '', '', '0000-00-00 00:00:00', '2018-08-22 01:19:35', 2),
(152, 10, '₱61,200.00', 'PHM180751', '1523', '2018-08-22 00:00:00', '2018-09-22 00:00:00', 0, 0, '2221', '2018-08-22 00:00:00', '', '', '0000-00-00 00:00:00', '2018-08-22 01:20:20', 2),
(153, 10, '₱65,400.00', 'PHM180804', '1524', '2018-08-22 00:00:00', '2018-09-22 00:00:00', 0, 0, '2170/2186/2222', '2018-08-22 00:00:00', '', '', '0000-00-00 00:00:00', '2018-08-22 01:21:25', 2),
(154, 10, '₱63,900.00', 'PHM180750', '1525', '2018-08-22 00:00:00', '2018-09-22 00:00:00', 0, 0, '2118/2134/2166', '2018-08-07 00:00:00', '', '', '0000-00-00 00:00:00', '2018-08-22 01:22:26', 2),
(155, 1, '₱10,950.00', '4504536129', '1527', '2018-08-22 00:00:00', '2018-09-25 00:00:00', 0, 0, '2226', '2018-08-22 00:00:00', '', '', '0000-00-00 00:00:00', '2018-08-24 20:59:07', 2),
(156, 1, '₱14,557.50', 'A20180807115', '1528', '2018-08-22 00:00:00', '2018-09-25 00:00:00', 0, 0, '2227', '2018-08-22 00:00:00', '', '', '0000-00-00 00:00:00', '2018-08-24 21:00:06', 2),
(157, 1, '₱88,165.00', '4504555887', '1532', '2018-08-22 00:00:00', '2018-09-25 00:00:00', 0, 0, '2229', '2018-08-22 00:00:00', '', '', '0000-00-00 00:00:00', '2018-08-24 21:00:53', 2),
(158, 24, '₱181,644.96', 'IN0051757', '1533', '2018-08-23 00:00:00', '2018-09-23 00:00:00', 0, 0, '2161 / 2184', '2018-08-15 00:00:00', '', '', '0000-00-00 00:00:00', '2018-08-24 22:35:15', 2),
(159, 25, '₱98,565.00', 'PO00519', '1535', '2018-08-23 00:00:00', '2018-09-23 00:00:00', 0, 0, '2232', '2018-08-23 00:00:00', '', '', '0000-00-00 00:00:00', '2018-08-24 22:41:58', 2),
(160, 25, '₱15,200.00', 'PO00531', '1536', '2018-08-23 00:00:00', '2018-09-23 00:00:00', 0, 0, '2233', '2018-08-23 00:00:00', '', '', '0000-00-00 00:00:00', '2018-08-24 22:42:51', 2),
(161, 5, '₱45,000.00', '12356', '1537', '2018-08-23 00:00:00', '2018-09-23 00:00:00', 0, 0, '2235', '2018-08-23 00:00:00', '', '', '0000-00-00 00:00:00', '2018-08-24 22:44:59', 2),
(162, 5, '₱22,000.00', '12550', '1538', '2018-08-23 00:00:00', '2018-09-23 00:00:00', 0, 0, '2236', '2018-08-23 00:00:00', '', '', '0000-00-00 00:00:00', '2018-08-24 22:46:00', 2),
(163, 5, '₱30,400.00', '12707', '1539', '2018-08-23 00:00:00', '2018-09-23 00:00:00', 0, 0, '2238', '2018-08-23 00:00:00', '', '', '0000-00-00 00:00:00', '2018-08-24 22:47:37', 2),
(164, 10, '₱43,400.00', 'PHM180863', '1542', '2018-08-24 00:00:00', '2018-09-24 00:00:00', 0, 0, '2223 / 2243', '2018-08-24 00:00:00', '', '', '0000-00-00 00:00:00', '2018-08-24 22:49:18', 2),
(165, 10, '₱80,100.00', 'PHM180724', '1543', '2018-08-24 00:00:00', '2018-09-24 00:00:00', 0, 0, '2244', '2018-08-24 00:00:00', '', '', '1970-01-01 00:00:00', '2018-08-24 22:51:04', 2),
(166, 19, '₱89,802.00', '27644', '1548', '2018-08-28 00:00:00', '2018-09-28 00:00:00', 0, 0, '2198', '2018-08-17 00:00:00', 'PAID', '0097', '2018-10-19 00:00:00', '2018-08-29 23:11:24', 2),
(167, 4, '₱6,500.00', 'HB181292', '1606', '2018-08-31 00:00:00', '2018-09-30 00:00:00', 0, 0, '2265', '2018-08-31 00:00:00', '', '', '1970-01-01 00:00:00', '2018-08-31 01:47:08', 2),
(168, 10, '₱3,750.00', 'PHM180780', '1603', '2018-08-31 00:00:00', '2018-09-30 00:00:00', 0, 0, '2261', '2018-08-31 00:00:00', '', '', '1970-01-01 00:00:00', '2018-08-31 01:48:04', 2),
(169, 10, '₱19,500.00', 'PHM180905', '1604', '2018-08-31 00:00:00', '2018-09-30 00:00:00', 0, 0, '2262', '2018-08-31 00:00:00', '', '', '1970-01-01 00:00:00', '2018-08-31 01:48:58', 2),
(170, 2, '₱494.00', 'SC01626-18', '1608', '2018-08-31 00:00:00', '2018-09-30 00:00:00', 0, 0, '2266', '2018-08-31 00:00:00', '', '', '1970-01-01 00:00:00', '2018-08-31 02:22:13', 2),
(171, 2, '₱20,472.50', 'SC01630-18', '1609', '2018-08-31 00:00:00', '2018-09-30 00:00:00', 0, 0, '2268', '2018-08-31 00:00:00', '', '', '1970-01-01 00:00:00', '2018-08-31 02:28:07', 2),
(172, 2, '₱5,985.00', 'SC01633-18', '1610', '2018-08-31 00:00:00', '2018-09-30 00:00:00', 0, 0, '2269', '2018-08-31 00:00:00', '', '', '1970-01-01 00:00:00', '2018-08-31 02:29:39', 2),
(173, 2, '₱3,163.50', 'SC01634-18', '1611', '2018-08-31 00:00:00', '2018-09-30 00:00:00', 0, 0, '2270', '2018-08-31 00:00:00', '', '', '1970-01-01 00:00:00', '2018-08-31 02:30:51', 2),
(174, 2, '₱304.00', 'SC01638-18', '1613', '2018-08-31 00:00:00', '2018-09-30 00:00:00', 0, 0, '2271', '2018-08-31 00:00:00', '', '', '1970-01-01 00:00:00', '2018-08-31 02:31:31', 2),
(175, 2, '₱513.00', 'SC01639-18', '1614', '2018-08-31 00:00:00', '2018-09-30 00:00:00', 0, 0, '2272', '2018-08-31 00:00:00', '', '', '1970-01-01 00:00:00', '2018-08-31 02:32:08', 2),
(176, 1, '₱92,300.00', '4504548237', '1627', '2018-09-04 00:00:00', '2018-10-25 00:00:00', 0, 0, '2285', '2018-09-04 00:00:00', '', '', '1970-01-01 00:00:00', '2018-09-03 23:11:02', 2),
(177, 1, '₱33,630.00', '4504556666', '1628', '2018-09-04 00:00:00', '2018-10-25 00:00:00', 0, 0, '2286', '2018-09-04 00:00:00', '', '', '1970-01-01 00:00:00', '2018-09-03 23:12:09', 2),
(178, 1, '₱48,900.00', '4504557266', '1629', '2018-09-04 00:00:00', '2018-10-25 00:00:00', 0, 0, '2287', '2018-09-04 00:00:00', '', '', '1970-01-01 00:00:00', '2018-09-03 23:12:46', 2),
(179, 1, '₱47,160.00', '4504559909', '1630', '2018-09-04 00:00:00', '2018-10-25 00:00:00', 0, 0, '2288', '2018-09-04 00:00:00', '', '', '1970-01-01 00:00:00', '2018-09-03 23:13:33', 2),
(180, 1, '₱8,550.00', '4504555589', '1631', '2018-09-04 00:00:00', '2018-10-25 00:00:00', 0, 0, '2289', '2018-09-04 00:00:00', '', '', '1970-01-01 00:00:00', '2018-09-03 23:14:59', 2),
(181, 1, '₱10,170.00', '4504560434', '1632', '2018-09-04 00:00:00', '2018-10-25 00:00:00', 0, 0, '2290', '2018-09-04 00:00:00', '', '', '1970-01-01 00:00:00', '2018-09-03 23:15:38', 2),
(182, 1, '₱6,670.00', '4504565939', '1633', '2018-09-04 00:00:00', '2018-10-25 00:00:00', 0, 0, '2291', '2018-09-04 00:00:00', '', '', '1970-01-01 00:00:00', '2018-09-03 23:16:36', 2),
(183, 1, '₱8,085.60', 'A201808010121', '1634', '2018-09-04 00:00:00', '2018-10-25 00:00:00', 0, 0, '2292', '2018-09-04 00:00:00', '', '', '1970-01-01 00:00:00', '2018-09-03 23:17:33', 2),
(184, 8, '₱20,100.00', '7135878', '1635', '2018-09-04 00:00:00', '2018-10-04 00:00:00', 0, 0, '2295', '2018-09-04 00:00:00', '', '', '1970-01-01 00:00:00', '2018-09-04 01:43:59', 2),
(185, 1, '₱7,581.00', '4504562313', '1637', '2018-09-04 00:00:00', '2018-10-25 00:00:00', 0, 0, '2297', '2018-09-04 00:00:00', '', '', '1970-01-01 00:00:00', '2018-09-04 22:17:08', 2),
(186, 1, '₱19,000.00', '4504559233', '1636', '2018-09-04 00:00:00', '2018-10-25 00:00:00', 0, 0, '2296', '2018-09-04 00:00:00', '', '', '1970-01-01 00:00:00', '2018-09-04 22:18:15', 2),
(187, 4, '₱3,770.00', 'HB181295', '1639', '2018-09-05 00:00:00', '2018-10-05 00:00:00', 0, 0, '2303', '2018-09-05 00:00:00', '', '', '1970-01-01 00:00:00', '2018-09-05 01:17:47', 2),
(188, 5, '₱35,000.00', '12673', '1640', '2018-09-05 00:00:00', '2018-10-05 00:00:00', 0, 0, '2304', '2018-09-05 00:00:00', '', '', '1970-01-01 00:00:00', '2018-09-05 01:18:39', 2),
(189, 3, '₱60,000.00', '66683/0', '1605', '2018-08-31 00:00:00', '2018-11-05 00:00:00', 0, 0, '1709 / 1960 / 2263', '2018-08-31 00:00:00', '', '', '1970-01-01 00:00:00', '2018-09-06 02:52:33', 1),
(190, 10, '₱72,500.00', 'PHM180825', '1657', '2018-09-08 00:00:00', '2018-10-08 00:00:00', 0, 0, '2171/2187/2260/2329', '2018-09-08 00:00:00', '', '', '1970-01-01 00:00:00', '2018-09-08 00:59:15', 2),
(191, 10, '₱25,000.00', 'PHM180959', '1658', '2018-09-08 00:00:00', '2018-10-08 00:00:00', 0, 0, '2330', '2018-09-08 00:00:00', '', '', '1970-01-01 00:00:00', '2018-09-08 01:00:06', 2),
(192, 10, '₱64,670.00', 'PHM180711', '1659', '2018-09-08 00:00:00', '2018-10-08 00:00:00', 0, 0, '2331', '2018-09-08 00:00:00', '', '', '1970-01-01 00:00:00', '2018-09-08 01:00:51', 2),
(193, 1, '₱45,201.00', 'A201808070082', '1646', '2018-09-07 00:00:00', '2018-10-25 00:00:00', 0, 0, '2311', '2018-09-07 00:00:00', '', '', '1970-01-01 00:00:00', '2018-09-10 01:30:44', 2),
(194, 1, '₱92,300.00', '4504548237', '1647', '2018-09-07 00:00:00', '2018-10-25 00:00:00', 0, 0, '2312', '2018-09-07 00:00:00', '', '', '1970-01-01 00:00:00', '2018-09-10 01:32:00', 2),
(195, 1, '₱25,982.50', '4504553365', '1648', '2018-09-07 00:00:00', '2018-10-25 00:00:00', 0, 0, '2313', '2018-09-07 00:00:00', '', '', '1970-01-01 00:00:00', '2018-09-10 01:32:48', 2),
(196, 1, '₱2,250.00', 'A201808200124', '1649', '2018-09-07 00:00:00', '2018-10-25 00:00:00', 0, 0, '2314', '2018-10-25 00:00:00', '', '', '1970-01-01 00:00:00', '2018-09-10 01:33:50', 2),
(197, 1, '₱1,805.00', 'A201808090106', '1666', '2018-09-10 00:00:00', '2018-10-25 00:00:00', 0, 0, '2336', '2018-09-10 00:00:00', '', '', '1970-01-01 00:00:00', '2018-09-11 18:29:32', 2),
(198, 1, '₱24,450.00', '4504557266', '1667', '2018-09-10 00:00:00', '2018-10-25 00:00:00', 0, 0, '2337', '2018-09-10 00:00:00', '', '', '1970-01-01 00:00:00', '2018-09-11 18:30:25', 2),
(199, 1, '₱26,550.00', '4504566447', '1668', '2018-09-10 00:00:00', '2018-10-25 00:00:00', 0, 0, '2339', '2018-09-10 00:00:00', '', '', '1970-01-01 00:00:00', '2018-09-11 18:31:17', 2),
(200, 1, '₱2,160.00', '4504566432', '1669', '2018-09-10 00:00:00', '2018-10-25 00:00:00', 0, 0, '2310', '2018-09-10 00:00:00', '', '', '1970-01-01 00:00:00', '2018-09-11 18:32:03', 2),
(201, 1, '₱46,130.00', '4504548237', '1670', '2018-09-10 00:00:00', '2018-10-25 00:00:00', 0, 0, '2341', '2018-09-10 00:00:00', '', '', '1970-01-01 00:00:00', '2018-09-11 18:33:11', 2),
(202, 1, '₱19,523.19', 'A201808140132', '1671', '2018-09-10 00:00:00', '2018-10-25 00:00:00', 0, 0, '2343', '2018-09-10 00:00:00', '', '', '1970-01-01 00:00:00', '2018-09-11 18:34:09', 2),
(203, 18, '₱5,225.00', '011746', '1679', '2018-09-12 00:00:00', '2018-10-12 00:00:00', 0, 0, '2350', '2018-09-12 00:00:00', '', '', '1970-01-01 00:00:00', '2018-09-12 20:03:45', 2),
(204, 1, '₱31,440.00', '4504569027', '1681', '2018-09-12 00:00:00', '2018-10-25 00:00:00', 0, 0, '2354', '2018-09-12 00:00:00', '', '', '1970-01-01 00:00:00', '2018-09-12 23:04:07', 2),
(205, 1, '₱5,723.00', 'A201808270023', '1682', '2018-09-12 00:00:00', '2018-10-25 00:00:00', 0, 0, '2355', '2018-09-12 00:00:00', '', '', '1970-01-01 00:00:00', '2018-09-12 23:04:52', 2),
(206, 1, '₱35,392.39', 'A201808140127', '1683', '2018-09-12 00:00:00', '2018-10-25 00:00:00', 0, 0, '2356', '2018-09-12 00:00:00', '', '', '1970-01-01 00:00:00', '2018-09-12 23:05:44', 2),
(207, 1, '₱690.00', 'A201809030109', '1685', '2018-09-13 00:00:00', '2018-10-25 00:00:00', 0, 0, '2359', '2018-09-13 00:00:00', '', '', '1970-01-01 00:00:00', '2018-09-13 01:54:44', 2),
(208, 1, '₱1,822.50', '4504574156', '1686', '2018-09-13 00:00:00', '2018-10-25 00:00:00', 0, 0, '2360', '2018-09-13 00:00:00', '', '', '1970-01-01 00:00:00', '2018-09-13 01:55:46', 2),
(209, 11, '₱170,250.92', '4600000573', '1624', '2018-09-03 00:00:00', '2018-10-10 00:00:00', 0, 0, '1822 / 1832 / 1843', '2018-05-26 00:00:00', 'PAID', '0125', '2018-10-19 00:00:00', '2018-09-13 02:32:50', 2),
(210, 11, '₱126,106.68', '4600000573', '1625', '2018-09-03 00:00:00', '2018-10-10 00:00:00', 0, 0, '1878 / 1909', '2018-06-11 00:00:00', 'PAID', '0125', '2018-10-19 00:00:00', '2018-09-13 02:33:49', 2),
(211, 11, '₱33,201.00', '4600000576', '1660', '2018-09-08 00:00:00', '2018-10-10 00:00:00', 0, 0, '1910 / 1937', '2018-06-20 00:00:00', 'PAID', '0125', '2018-10-19 00:00:00', '2018-09-13 02:35:01', 2),
(212, 11, '₱225,290.80', '4600000576', '1661', '2018-09-08 00:00:00', '2018-10-10 00:00:00', 0, 0, '1913 / 1962 / 1971', '2018-06-28 00:00:00', 'PAID', '0125', '2018-10-19 00:00:00', '2018-09-13 02:36:08', 2),
(213, 11, '₱143,961.44', '4600000576', '1662', '2018-09-08 00:00:00', '2018-10-10 00:00:00', 0, 0, '1946 / 2009 / 2012 / 2018', '2018-07-07 00:00:00', 'PAID', '0125', '2018-10-19 00:00:00', '2018-09-13 02:37:12', 2),
(214, 1, '₱102,600.00', '4504559233', '1641', '2018-09-05 00:00:00', '2018-10-25 00:00:00', 0, 0, '2305', '2018-09-05 00:00:00', '', '', '1970-01-01 00:00:00', '2018-09-16 22:41:18', 2),
(215, 2, '₱1,026.00', 'SC01709-18', '1699', '2018-09-14 00:00:00', '2018-11-14 00:00:00', 0, 0, '2367', '2018-09-14 00:00:00', '', '', '1970-01-01 00:00:00', '2018-09-19 02:23:03', 2),
(216, 2, '₱2,280.00', 'SC01710-18', '1700', '2018-09-14 00:00:00', '2018-11-14 00:00:00', 0, 0, '2368', '2018-09-14 00:00:00', '', '', '1970-01-01 00:00:00', '2018-09-19 02:27:29', 2),
(217, 2, '₱17,460.00', 'SC01671-18', '1673', '2018-09-11 00:00:00', '2018-11-11 00:00:00', 0, 0, '2344', '2018-09-11 00:00:00', '', '', '1970-01-01 00:00:00', '2018-09-19 02:28:17', 2),
(218, 2, '₱10,763.50', 'SC01665-18', '1707', '2018-09-18 00:00:00', '2018-11-18 00:00:00', 0, 0, '2387', '2018-09-18 00:00:00', '', '', '1970-01-01 00:00:00', '2018-09-19 02:29:01', 2),
(219, 2, '₱2,182.50', 'SC01694-18', '1708', '2018-09-18 00:00:00', '2018-11-18 00:00:00', 0, 0, '2388', '2018-09-18 00:00:00', '', '', '1970-01-01 00:00:00', '2018-09-19 02:30:36', 2),
(220, 2, '₱931.00', 'SC01727-18', '1710', '2018-09-18 00:00:00', '2018-11-18 00:00:00', 0, 0, '2389', '2018-09-18 00:00:00', '', '', '1970-01-01 00:00:00', '2018-09-19 02:33:25', 2),
(221, 1, '₱138,450.00', '4504548237', '1697', '2018-09-14 00:00:00', '2018-10-25 00:00:00', 0, 0, '2365', '2018-09-14 00:00:00', '', '', '1970-01-01 00:00:00', '2018-09-19 02:35:54', 2),
(222, 1, '₱7,650.00', 'A201809030109', '1705', '2018-09-18 00:00:00', '2018-10-25 00:00:00', 0, 0, '2384', '2018-09-18 00:00:00', '', '', '1970-01-01 00:00:00', '2018-09-19 02:39:09', 2),
(223, 1, '₱48,708.00', 'A201809030097', '1706', '2018-09-18 00:00:00', '2018-10-25 00:00:00', 0, 0, '2385', '2018-09-18 00:00:00', '', '', '1970-01-01 00:00:00', '2018-09-19 02:40:05', 2),
(224, 17, '₱26,880.00', '7190067766', '1711', '2018-09-19 00:00:00', '2018-10-19 00:00:00', 0, 0, '2203', '2018-08-18 00:00:00', '', '', '1970-01-01 00:00:00', '2018-09-19 02:41:36', 2),
(225, 17, '₱14,000.00', '7190068245', '1712', '2018-09-19 00:00:00', '2018-10-19 00:00:00', 0, 0, '2204', '2018-08-18 00:00:00', '', '', '1970-01-01 00:00:00', '2018-09-19 02:44:49', 2),
(226, 17, '₱9,000.01', '7190068701', '1715', '2018-09-19 00:00:00', '2018-10-19 00:00:00', 0, 0, '2201', '2018-08-12 00:00:00', '', '', '1970-01-01 00:00:00', '2018-09-19 02:46:32', 2),
(227, 1, '₱997.50', '4504576514', '1716', '2018-09-20 00:00:00', '2018-10-25 00:00:00', 0, 0, '2402', '2018-09-20 00:00:00', '', '', '1970-01-01 00:00:00', '2018-09-20 20:12:34', 2),
(228, 1, '₱48,708.00', 'A201809030097', '1719', '2018-09-20 00:00:00', '2018-10-25 00:00:00', 0, 0, '2404', '2018-09-20 00:00:00', '', '', '1970-01-01 00:00:00', '2018-09-20 20:13:23', 2),
(229, 1, '₱9,172.80', '4504575805', '1721', '2018-09-20 00:00:00', '2018-10-25 00:00:00', 0, 0, '2406', '2018-09-20 00:00:00', '', '', '1970-01-01 00:00:00', '2018-09-20 20:14:23', 2),
(230, 1, '₱61,750.00', '4504569126', '1722', '2018-09-20 00:00:00', '2018-10-25 00:00:00', 0, 0, '2407', '2018-09-20 00:00:00', '', '', '1970-01-01 00:00:00', '2018-09-20 20:15:23', 2),
(231, 1, '₱442,800.00', '4504565362', '1723', '2018-09-20 00:00:00', '2018-10-25 00:00:00', 0, 0, '2408', '2018-09-20 00:00:00', '', '', '1970-01-01 00:00:00', '2018-09-20 20:20:47', 2),
(232, 1, '₱73,800.00', 'A201808100021', '1724', '2018-09-20 00:00:00', '2018-10-25 00:00:00', 0, 0, '2409', '2018-09-20 00:00:00', '', '', '1970-01-01 00:00:00', '2018-09-20 20:21:42', 2),
(233, 5, '₱44,000.00', '12798', '1717', '2018-09-20 00:00:00', '2018-10-21 00:00:00', 0, 0, '2401', '2018-09-21 00:00:00', '', '', '1970-01-01 00:00:00', '2018-09-20 23:22:07', 2),
(234, 2, '₱9,630.00', 'SC01582-18', '1727', '2018-09-21 00:00:00', '2018-11-21 00:00:00', 0, 0, '2413', '2018-09-22 00:00:00', '', '', '1970-01-01 00:00:00', '2018-09-21 20:22:17', 2),
(235, 2, '₱931.00', 'SC01739-18', '1728', '2018-09-22 00:00:00', '2018-11-21 00:00:00', 0, 0, '2419', '2018-09-22 00:00:00', '', '', '1970-01-01 00:00:00', '2018-09-21 20:23:14', 2),
(236, 3, '₱12,056.00', '68880/0', '1730', '2018-09-24 00:00:00', '2018-10-24 00:00:00', 0, 0, '2426', '2018-09-24 00:00:00', '', '', '1970-01-01 00:00:00', '2018-09-24 22:50:55', 1),
(237, 20, '₱240,000.00', '24194 / 004029', '1687', '2018-09-14 00:00:00', '2018-10-14 00:00:00', 0, 0, '2364', '2018-09-14 00:00:00', '', '', '1970-01-01 00:00:00', '2018-09-24 22:53:20', 1),
(238, 11, '₱48,360.03', '4600000689', '1616', '2018-09-25 00:00:00', '2018-10-25 00:00:00', 0, 0, '2274', '2018-09-25 00:00:00', '', '', '1970-01-01 00:00:00', '2018-09-26 23:41:32', 2),
(239, 13, '₱22,633.60', '115734 / 046684', '1731', '2018-09-25 00:00:00', '2018-10-25 00:00:00', 0, 0, '2432', '2018-09-25 00:00:00', '', '', '1970-01-01 00:00:00', '2018-09-26 23:42:26', 1),
(240, 1, '₱7,650.00', 'A201809030109', '1732', '2018-09-25 00:00:00', '2018-10-25 00:00:00', 0, 0, '2434', '2018-09-25 00:00:00', '', '', '1970-01-01 00:00:00', '2018-09-26 23:43:17', 2),
(241, 1, '₱19,755.00', 'A201809050048', '1733', '2018-09-25 00:00:00', '2018-10-25 00:00:00', 0, 0, '2435', '2018-09-25 00:00:00', '', '', '1970-01-01 00:00:00', '2018-09-26 23:45:51', 2),
(242, 12, '₱165,000.00', 'PO00005864', '1734', '2018-09-27 00:00:00', '2018-10-27 00:00:00', 0, 0, '2440', '2018-09-27 00:00:00', '', '', '1970-01-01 00:00:00', '2018-10-03 23:52:58', 2),
(243, 1, '₱703.00', '4504582788', '1746', '2018-10-01 00:00:00', '2018-11-25 00:00:00', 0, 0, '2463', '2018-10-01 00:00:00', '', '', '1970-01-01 00:00:00', '2018-10-03 23:55:21', 2),
(244, 1, '₱1,720.00', '4504576528', '1747', '2018-10-01 00:00:00', '2018-11-25 00:00:00', 0, 0, '2464', '2018-10-01 00:00:00', '', '', '1970-01-01 00:00:00', '2018-10-03 23:56:00', 2),
(245, 1, '₱13,815.00', 'A201808200124', '1751', '2018-10-01 00:00:00', '2018-11-25 00:00:00', 0, 0, '2469', '2018-10-01 00:00:00', '', '', '1970-01-01 00:00:00', '2018-10-03 23:56:43', 2),
(246, 1, '₱25,982.50', '4504553365', '1748', '2018-10-01 00:00:00', '2018-11-25 00:00:00', 0, 0, '2466', '2018-10-01 00:00:00', '', '', '1970-01-01 00:00:00', '2018-10-03 23:58:13', 2),
(247, 1, '₱69,600.00', 'A201808240111', '1753', '2018-10-02 00:00:00', '2018-11-25 00:00:00', 0, 0, '2480', '2018-10-02 00:00:00', '', '', '1970-01-01 00:00:00', '2018-10-03 23:59:31', 2),
(248, 1, '₱18,345.60', '4504569128', '1754', '2018-10-02 00:00:00', '2018-11-25 00:00:00', 0, 0, '2481', '2018-10-02 00:00:00', '', '', '1970-01-01 00:00:00', '2018-10-04 00:00:08', 2),
(249, 1, '₱116,973.00', 'A201809050048', '1855', '2018-10-03 00:00:00', '2018-11-25 00:00:00', 0, 0, '2435 / 2470 / 2479', '2018-10-03 00:00:00', '', '', '1970-01-01 00:00:00', '2018-10-04 00:01:08', 2),
(250, 1, '₱34,800.00', 'A201808240111', '1761', '2018-10-03 00:00:00', '2018-11-25 00:00:00', 0, 0, '2489', '2018-10-03 00:00:00', '', '', '1970-01-01 00:00:00', '2018-10-04 00:02:20', 2),
(251, 1, '₱17,233.00', '4504576319', '1762', '2018-10-03 00:00:00', '2018-11-25 00:00:00', 0, 0, '2490', '2018-10-03 00:00:00', '', '', '1970-01-01 00:00:00', '2018-10-04 00:03:03', 2),
(252, 1, '₱9,172.80', '4504569128', '1763', '2018-10-03 00:00:00', '2018-11-25 00:00:00', 0, 0, '2491', '2018-10-03 00:00:00', '', '', '1970-01-01 00:00:00', '2018-10-04 00:04:16', 2),
(253, 1, '₱10,350.00', '4504586078', '1764', '2018-10-03 00:00:00', '2018-11-25 00:00:00', 0, 0, '2492', '2018-10-03 00:00:00', '', '', '1970-01-01 00:00:00', '2018-10-04 00:05:05', 2),
(254, 1, '₱71,685.00', '4504582963', '1765', '2018-10-03 00:00:00', '2018-11-25 00:00:00', 0, 0, '1493', '2018-10-03 00:00:00', '', '', '1970-01-01 00:00:00', '2018-10-04 00:06:18', 2),
(255, 1, '₱2,280.00', '4504582815', '1766', '2018-10-03 00:00:00', '2018-11-25 00:00:00', 0, 0, '2494', '2018-10-03 00:00:00', '', '', '1970-01-01 00:00:00', '2018-10-04 00:06:57', 2),
(256, 10, '₱26,000.00', 'PHM181071', '1739', '2018-09-27 00:00:00', '2018-10-27 00:00:00', 0, 0, '1447', '2018-09-27 00:00:00', '', '', '1970-01-01 00:00:00', '2018-10-04 00:53:09', 2),
(257, 10, '₱71,700.00', 'PHM180826', '1740', '2018-09-27 00:00:00', '2018-10-27 00:00:00', 0, 0, '2448 / 2416 / 2379', '2018-10-27 00:00:00', '', '', '1970-01-01 00:00:00', '2018-10-04 00:53:51', 2),
(258, 10, '₱43,400.00', 'PHM180864', '1757', '2018-10-03 00:00:00', '2018-11-03 00:00:00', 0, 0, '2483 / 2449', '2018-10-03 00:00:00', '', '', '1970-01-01 00:00:00', '2018-10-04 00:54:59', 2),
(259, 10, '₱12,400.00', 'PHM180906', '1758', '2018-10-03 00:00:00', '2018-11-03 00:00:00', 0, 0, '2484', '2018-10-03 00:00:00', '', '', '1970-01-01 00:00:00', '2018-10-04 00:56:33', 2),
(260, 10, '₱59,900.00', 'PHM180752', '1759', '2018-10-03 00:00:00', '2018-11-03 00:00:00', 0, 0, '2485 / 2415', '2018-10-03 00:00:00', '', '', '1970-01-01 00:00:00', '2018-10-04 00:57:09', 2),
(261, 26, '₱11,020.00', 'PO0000913560-3', '1744', '2018-09-28 00:00:00', '2018-10-28 00:00:00', 0, 0, '2454', '2018-09-28 00:00:00', 'PAID', '0162', '2018-11-09 00:00:00', '2018-10-04 01:03:17', 2),
(262, 27, '₱4,200.00', '1839', '1752', '2018-10-02 00:00:00', '2018-11-02 00:00:00', 0, 0, '2478', '2018-10-02 00:00:00', '', '', '1970-01-01 00:00:00', '2018-10-04 01:04:19', 2),
(263, 1, '₱37,000.00', 'A201808290065', '1775', '2018-10-05 00:00:00', '2018-11-25 00:00:00', 0, 0, '2497', '2018-10-05 00:00:00', '', '', '1970-01-01 00:00:00', '2018-10-07 23:20:45', 2);
INSERT INTO `hurtajadmin_collectibles` (`id`, `company_id`, `collectibles_total_amount`, `collectibles_po_number`, `collectibles_invoice_number`, `collectibles_invoice_date`, `collectibles_maturity_date`, `collectibles_paid_left_days`, `collectibles_paid_exceed_days`, `collectibles_dr_number`, `collectibles_delivery_date`, `collectibles_remarks_paid`, `collectibles_or_number`, `collectibles_or_date`, `collectibles_date_added`, `collectibles_status`) VALUES
(264, 1, '₱69,600.00', '4504590936', '1776', '2018-10-05 00:00:00', '2018-11-25 00:00:00', 0, 0, '2498', '2018-10-05 00:00:00', '', '', '1970-01-01 00:00:00', '2018-10-07 23:21:21', 2),
(265, 28, '₱19,000.00', 'LO-18-11873CP', '1768', '2018-10-03 00:00:00', '2018-11-05 00:00:00', 0, 0, '2495', '2018-10-05 00:00:00', '', '', '1970-01-01 00:00:00', '2018-10-08 01:35:53', 1),
(266, 5, '₱70,000.00', '12828', '1798', '2018-10-12 00:00:00', '2018-11-12 00:00:00', 0, 0, '2560', '2018-10-12 00:00:00', '', '', '1970-01-01 00:00:00', '2018-10-12 19:39:01', 2),
(267, 1, '₱235,847.00', '4504576319', '1791', '2018-10-12 00:00:00', '2018-11-25 00:00:00', 0, 0, '2552', '2018-10-12 00:00:00', '', '', '1970-01-01 00:00:00', '2018-10-12 19:40:37', 2),
(268, 1, '₱25,982.50', '4504553365', '1792', '2018-10-12 00:00:00', '2018-11-25 00:00:00', 0, 0, '2553', '2018-10-12 00:00:00', '', '', '1970-01-01 00:00:00', '2018-10-12 19:45:09', 2),
(269, 1, '₱103,930.00', '4504576321', '1793', '2018-10-12 00:00:00', '2018-11-25 00:00:00', 0, 0, '2554', '2018-10-12 00:00:00', '', '', '1970-01-01 00:00:00', '2018-10-12 19:45:49', 2),
(270, 1, '₱25,032.00', '4504575576', '1796', '2018-10-12 00:00:00', '2018-11-25 00:00:00', 0, 0, '2557', '2018-10-12 00:00:00', '', '', '1970-01-01 00:00:00', '2018-10-12 19:46:37', 2),
(271, 1, '₱25,530.00', '4504586078', '1797', '2018-10-12 00:00:00', '2018-11-25 00:00:00', 0, 0, '2558', '2018-10-12 00:00:00', '', '', '1970-01-01 00:00:00', '2018-10-12 19:47:47', 2),
(272, 1, '₱18,345.60', '4504575805', '1799', '2018-10-12 00:00:00', '2018-11-25 00:00:00', 0, 0, '2562', '2018-10-12 00:00:00', '', '', '1970-01-01 00:00:00', '2018-10-12 19:48:28', 2),
(273, 1, '₱18,345.60', '4504569128', '1800', '2018-10-12 00:00:00', '2018-11-25 00:00:00', 0, 0, '2561', '2018-10-12 00:00:00', '', '', '1970-01-01 00:00:00', '2018-10-12 19:49:17', 2),
(274, 2, '₱4,845.00', 'SC01750-18', '1779', '2018-10-09 00:00:00', '2018-12-09 00:00:00', 0, 0, '2501', '2018-10-09 00:00:00', '', '', '1970-01-01 00:00:00', '2018-10-14 18:34:51', 2),
(275, 2, '₱13,775.00', 'SC01756-18', '1780', '2018-10-09 00:00:00', '2018-12-09 00:00:00', 0, 0, '2502', '2018-10-09 00:00:00', '', '', '1970-01-01 00:00:00', '2018-10-14 18:35:33', 2),
(276, 2, '₱2,788.25', 'SC01757-18', '1782', '2018-10-09 00:00:00', '2018-12-09 00:00:00', 0, 0, '2503', '2018-10-09 00:00:00', '', '', '1970-01-01 00:00:00', '2018-10-14 18:36:16', 2),
(277, 2, '₱2,983.00', 'SC01758-48', '1783', '2018-10-09 00:00:00', '2018-12-09 00:00:00', 0, 0, '2504', '2018-10-09 00:00:00', '', '', '1970-01-01 00:00:00', '2018-10-14 18:37:37', 2),
(278, 2, '₱3,021.00', 'SC01759-18', '1784', '2018-10-09 00:00:00', '2018-12-09 00:00:00', 0, 0, '2505', '2018-10-09 00:00:00', '', '', '1970-01-01 00:00:00', '2018-10-14 18:38:20', 2),
(279, 2, '₱3,743.00', 'SC01760-18', '1785', '2018-10-09 00:00:00', '2018-12-09 00:00:00', 0, 0, '2506', '2018-10-09 00:00:00', '', '', '1970-01-01 00:00:00', '2018-10-14 18:39:09', 2),
(280, 2, '₱4,997.00', 'SC01761-18', '1786', '2018-10-09 00:00:00', '2018-12-09 00:00:00', 0, 0, '2507', '2018-10-09 00:00:00', '', '', '1970-01-01 00:00:00', '2018-10-14 18:39:58', 2),
(281, 2, '₱1,282.50', 'SC01780-18', '1787', '2018-10-09 00:00:00', '2018-12-09 00:00:00', 0, 0, '2508', '2018-10-09 00:00:00', '', '', '1970-01-01 00:00:00', '2018-10-14 18:40:38', 2),
(282, 2, '₱1,662.50', 'SC01795-18', '1788', '2018-10-09 00:00:00', '2018-12-09 00:00:00', 0, 0, '2509', '2018-10-09 00:00:00', '', '', '1970-01-01 00:00:00', '2018-10-14 18:41:30', 2),
(283, 2, '₱21,825.00', 'SC01798-18', '1789', '2018-10-09 00:00:00', '2018-12-09 00:00:00', 0, 0, '2510', '2018-10-09 00:00:00', '', '', '1970-01-01 00:00:00', '2018-10-14 18:42:19', 2),
(284, 1, '₱4,832,344.01', 'A201808200131', '1805', '2018-10-18 00:00:00', '2018-11-25 00:00:00', 0, 0, '2357, 2361, 2399, 2400, 2412, 2427, 2428, 2430, 2439, 2453, 2456', '2018-10-18 00:00:00', '', '', '1970-01-01 00:00:00', '2018-10-21 17:56:58', 2),
(285, 1, '₱154,850.00', '4504582963', '1811', '2018-10-19 00:00:00', '2018-11-25 00:00:00', 0, 0, '2521', '2018-10-19 00:00:00', '', '', '1970-01-01 00:00:00', '2018-10-21 19:20:04', 2),
(286, 1, '₱69,600.00', '4504590936', '1812', '2018-10-19 00:00:00', '2018-11-25 00:00:00', 0, 0, '2522', '2018-10-19 00:00:00', '', '', '1970-01-01 00:00:00', '2018-10-21 19:20:42', 2),
(287, 1, '₱86,165.00', '4504576319', '1813', '2018-10-19 00:00:00', '2018-11-25 00:00:00', 0, 0, '2523', '2018-10-19 00:00:00', '', '', '1970-01-01 00:00:00', '2018-10-21 19:21:20', 2),
(288, 1, '₱69,600.00', 'A201808240111', '1814', '2018-10-19 00:00:00', '2018-11-25 00:00:00', 0, 0, '2524', '2018-10-19 00:00:00', '', '', '1970-01-01 00:00:00', '2018-10-21 19:22:08', 2),
(289, 1, '₱2,760.00', '4504586078', '1824', '2018-10-19 00:00:00', '2018-11-25 00:00:00', 0, 0, '2525', '2018-10-19 00:00:00', '', '', '1970-01-01 00:00:00', '2018-10-21 19:22:42', 2),
(290, 1, '₱1,215.00', '4504582963', '1803', '2018-10-15 00:00:00', '2018-11-25 00:00:00', 0, 0, '2568', '2018-10-15 00:00:00', '', '', '1970-01-01 00:00:00', '2018-10-24 00:29:52', 2),
(291, 1, '₱54,375.30', 'A201809010016', '1819', '2018-10-22 00:00:00', '2018-11-25 00:00:00', 0, 0, '2532', '1970-01-01 00:00:00', '', '', '1970-01-01 00:00:00', '2018-10-24 00:32:23', 2),
(292, 1, '₱442,776.00', 'A201809140144', '1820', '2018-10-22 00:00:00', '2018-11-25 00:00:00', 0, 0, '2533', '2018-10-22 00:00:00', '', '', '1970-01-01 00:00:00', '2018-10-24 00:33:12', 2),
(293, 10, '₱67,400.00', 'PHM180725', '1840', '2018-10-25 00:00:00', '2018-11-25 00:00:00', 0, 0, '2575', '2018-10-25 00:00:00', '', '', '1970-01-01 00:00:00', '2018-10-25 20:43:03', 1),
(294, 10, '₱67,800.00', 'PHM180827', '1841', '2018-10-25 00:00:00', '2018-11-25 00:00:00', 0, 0, '2519', '2018-10-25 00:00:00', '', '', '1970-01-01 00:00:00', '2018-10-25 20:44:05', 1),
(295, 5, '₱44,000.00', '13134', '1845', '2018-10-31 00:00:00', '2018-11-30 00:00:00', 0, 0, '2605', '2018-10-31 00:00:00', '', '', '1970-01-01 00:00:00', '2018-10-30 20:54:49', 2),
(296, 1, '₱276,900.00', '4504582646', '1846', '2018-10-31 00:00:00', '2018-11-25 00:00:00', 0, 0, '2583', '2018-10-31 00:00:00', '', '', '1970-01-01 00:00:00', '2018-11-05 17:20:57', 2),
(297, 5, '₱35,000.00', '13072', '1837', '2018-10-24 00:00:00', '2018-11-24 00:00:00', 0, 0, '2559 / 2541', '2018-10-24 00:00:00', '', '', '1970-01-01 00:00:00', '2018-11-05 17:55:02', 2),
(298, 10, '₱2,500.00', 'PHM180781', '1810', '2018-10-19 00:00:00', '2018-11-19 00:00:00', 0, 0, '2520', '2018-10-19 00:00:00', '', '', '1970-01-01 00:00:00', '2018-11-05 17:59:14', 1),
(299, 12, '₱71,055.00', 'PO00005939', '1821', '2018-10-22 00:00:00', '2018-11-22 00:00:00', 0, 0, '2534', '2018-10-22 00:00:00', '', '', '1970-01-01 00:00:00', '2018-11-06 17:33:33', 2),
(300, 12, '₱15,000.00', 'PO00005861', '1822', '2018-10-22 00:00:00', '2018-11-22 00:00:00', 0, 0, '2535', '2018-10-22 00:00:00', '', '', '1970-01-01 00:00:00', '2018-11-06 17:34:45', 2),
(301, 10, '₱37,800.00', 'PHM180812', '1850', '2018-11-05 00:00:00', '2018-12-05 00:00:00', 0, 0, '2548', '2018-10-25 00:00:00', '', '', '1970-01-01 00:00:00', '2018-11-06 17:37:43', 1),
(302, 10, '₱40,800.00', 'PHM181146', '1851', '2018-11-05 00:00:00', '2018-12-05 00:00:00', 0, 0, '2549', '2018-11-05 00:00:00', '', '', '1970-01-01 00:00:00', '2018-11-06 17:40:21', 1),
(303, 1, '₱76,861.60', 'A201809010016', '1777', '2018-10-08 00:00:00', '2018-11-25 00:00:00', 0, 0, '2499', '2018-11-08 00:00:00', '', '', '1970-01-01 00:00:00', '2018-11-07 17:53:52', 2),
(304, 1, '₱117,878.00', '4504584623', '1839', '2018-10-25 00:00:00', '2018-11-25 00:00:00', 0, 0, '2544', '2018-10-25 00:00:00', '', '', '1970-01-01 00:00:00', '2018-11-07 18:02:28', 2),
(305, 1, '₱729.00', '4504599618', '1857', '2018-11-06 00:00:00', '2018-12-25 00:00:00', 0, 0, '2592', '2018-11-06 00:00:00', '', '', '1970-01-01 00:00:00', '2018-11-07 18:08:09', 1),
(306, 1, '₱14,820.00', '4504582443', '1858', '2018-11-06 00:00:00', '2018-12-25 00:00:00', 0, 0, '2593', '2018-11-06 00:00:00', '', '', '1970-01-01 00:00:00', '2018-11-07 18:09:36', 1),
(307, 1, '₱10,710.00', '4504597767', '1859', '2018-11-06 00:00:00', '2018-12-25 00:00:00', 0, 0, '2594', '2018-11-06 00:00:00', '', '', '1970-01-01 00:00:00', '2018-11-07 18:10:58', 2),
(308, 1, '₱12,420.00', '4504597768', '1860', '2018-11-06 00:00:00', '2018-12-25 00:00:00', 0, 0, '2595', '2018-11-06 00:00:00', '', '', '1970-01-01 00:00:00', '2018-11-07 18:12:09', 1),
(309, 1, '₱18,667.50', '4504578696', '1861', '2018-11-06 00:00:00', '2018-12-25 00:00:00', 0, 0, '2596', '2018-11-06 00:00:00', '', '', '1970-01-01 00:00:00', '2018-11-07 18:14:00', 2),
(310, 27, '₱11,336.00', '1863', '1808', '2018-10-18 00:00:00', '2018-11-18 00:00:00', 0, 0, '2517', '2018-10-18 00:00:00', '', '', '1970-01-01 00:00:00', '2018-11-07 18:16:09', 2),
(311, 10, '₱30,000.00', 'PHM181170', '1866', '2018-11-08 00:00:00', '2018-12-08 00:00:00', 0, 0, '2600', '2018-11-08 00:00:00', '', '', '1970-01-01 00:00:00', '2018-11-07 20:55:42', 1),
(312, 28, '₱9,500.00', 'LO-18-11930CP', '1849', '2018-11-04 00:00:00', '2018-12-04 00:00:00', 0, 0, '2606', '2018-12-04 00:00:00', '', '', '1970-01-01 00:00:00', '2018-11-15 03:44:13', 1),
(313, 27, '₱16,500.00', '1899', '1878', '2018-11-12 00:00:00', '2018-12-12 00:00:00', 0, 0, '2632', '2018-11-12 00:00:00', '', '', '1970-01-01 00:00:00', '2018-11-15 03:44:58', 2),
(314, 25, '₱3,500.00', '000', '1879', '2018-11-12 00:00:00', '2018-12-12 00:00:00', 0, 0, '2633', '2018-11-12 00:00:00', '', '', '1970-01-01 00:00:00', '2018-11-15 03:45:47', 2),
(315, 1, '₱6,935.00', '4504582788', '1868', '2018-11-08 00:00:00', '2018-12-25 00:00:00', 0, 0, '2616', '2018-11-08 00:00:00', '', '', '1970-01-01 00:00:00', '2018-11-15 03:53:42', 1),
(316, 1, '₱41,904.00', 'A201809200018', '1912', '2018-11-21 00:00:00', '2018-12-25 00:00:00', 0, 0, '2618', '2018-11-08 00:00:00', '', '', '1970-01-01 00:00:00', '2018-11-15 03:54:44', 1),
(317, 1, '₱40,507.20', '4504585279', '1880', '2018-11-14 00:00:00', '2018-12-25 00:00:00', 0, 0, '2639', '2018-11-14 00:00:00', '', '', '1970-01-01 00:00:00', '2018-11-15 03:55:31', 1),
(318, 1, '₱119,795.00', 'A21808240123', '1881', '2018-11-15 00:00:00', '2018-12-25 00:00:00', 0, 0, '2640', '2018-11-15 00:00:00', '', '', '1970-01-01 00:00:00', '2018-11-15 21:01:13', 1),
(319, 1, '₱30,600.00', '4504587767', '1885', '2018-11-15 00:00:00', '2018-12-25 00:00:00', 0, 0, '2644', '2018-11-15 00:00:00', '', '', '1970-01-01 00:00:00', '2018-11-15 21:02:05', 1),
(320, 1, '₱34,500.00', '4504597768', '1886', '2018-11-15 00:00:00', '2018-12-25 00:00:00', 0, 0, '2645', '2018-11-15 00:00:00', '', '', '1970-01-01 00:00:00', '2018-11-15 21:03:14', 1),
(321, 2, '₱4,180.00', 'SC01849-18', '1910', '2018-11-21 00:00:00', '2019-01-21 00:00:00', 0, 0, '2678', '2018-11-21 00:00:00', '', '', '1970-01-01 00:00:00', '2018-11-21 01:25:17', 1),
(322, 2, '₱5,130.00', 'SC01868-18', '1911', '2018-11-21 00:00:00', '2019-01-21 00:00:00', 0, 0, '2679', '2018-11-21 00:00:00', '', '', '1970-01-01 00:00:00', '2018-11-21 01:26:01', 1),
(323, 1, '₱138,450.00', '4504591689', '1895', '2018-11-20 00:00:00', '2018-12-25 00:00:00', 0, 0, '2664', '2018-11-21 00:00:00', '', '', '1970-01-01 00:00:00', '2018-11-21 01:30:55', 1),
(324, 1, '₱6,666.00', '4504612917', '1897', '2018-11-20 00:00:00', '2018-12-25 00:00:00', 0, 0, '2665', '2018-11-21 00:00:00', '', '', '1970-01-01 00:00:00', '2018-11-21 01:31:51', 1),
(325, 1, '₱27,004.80', '4504585279', '1901', '2018-11-20 00:00:00', '2018-12-25 00:00:00', 0, 0, '2669', '2018-11-20 00:00:00', '', '', '1970-01-01 00:00:00', '2018-11-21 01:32:47', 2),
(326, 1, '₱31,440.00', '4504610318', '1905', '2018-11-20 00:00:00', '2018-12-25 00:00:00', 0, 0, '2672', '2018-11-20 00:00:00', '', '', '1970-01-01 00:00:00', '2018-11-21 01:33:50', 2),
(327, 1, '₱174,000.00', '4504593958', '1907', '2018-11-21 00:00:00', '2018-12-25 00:00:00', 0, 0, '2674', '2018-11-21 00:00:00', '', '', '1970-01-01 00:00:00', '2018-11-22 03:36:46', 1),
(328, 1, '₱34,500.00', '4504597768', '1908', '2018-11-21 00:00:00', '2018-12-25 00:00:00', 0, 0, '2675', '2018-11-21 00:00:00', '', '', '1970-01-01 00:00:00', '2018-11-22 03:38:05', 1),
(329, 1, '₱1,530.00', '4504597768', '1909', '2018-11-21 00:00:00', '2018-12-25 00:00:00', 0, 0, '2676', '2018-11-21 00:00:00', '', '', '1970-01-01 00:00:00', '2018-11-22 03:40:51', 1),
(330, 1, '₱27,600.00', '4504597768', '1913', '2018-11-21 00:00:00', '2018-12-25 00:00:00', 0, 0, '2682', '2018-11-21 00:00:00', '', '', '1970-01-01 00:00:00', '2018-11-22 03:41:58', 2),
(331, 1, '₱10,687.50', '4504612853', '1914', '2018-11-21 00:00:00', '2018-12-25 00:00:00', 0, 0, '2683', '2018-11-21 00:00:00', '', '', '1970-01-01 00:00:00', '2018-11-22 03:54:30', 1),
(332, 26, '₱55,100.00', 'PO0000914375-2', '1920', '2018-11-22 00:00:00', '2018-12-22 00:00:00', 0, 0, '2686', '2018-11-22 00:00:00', '', '', '1970-01-01 00:00:00', '2018-11-22 18:01:47', 2),
(333, 10, '₱34,200.00', 'PHM181267', '1915', '2018-11-21 00:00:00', '2018-12-21 00:00:00', 0, 0, '2659 / 2684', '2018-11-21 00:00:00', '', '', '1970-01-01 00:00:00', '2018-11-22 18:02:53', 1),
(334, 1, '₱138,450.00', '4504582646', '1872', '2018-11-09 00:00:00', '2018-12-25 00:00:00', 0, 0, '2620', '2018-11-09 00:00:00', '', '', '1970-01-01 00:00:00', '2018-11-22 18:09:18', 1),
(335, 1, '₱26,550.00', '4504589339', '1873', '2018-11-09 00:00:00', '2018-12-25 00:00:00', 0, 0, '2621', '2018-11-09 00:00:00', '', '', '1970-01-01 00:00:00', '2018-11-22 18:09:53', 1),
(336, 1, '₱11,160.00', 'A201809160003', '1874', '2018-11-09 00:00:00', '2018-12-25 00:00:00', 0, 0, '2623', '2018-11-09 00:00:00', '', '', '1970-01-01 00:00:00', '2018-11-22 18:10:35', 2),
(337, 1, '₱47,433.00', 'A201810170115', '1871', '2018-11-09 00:00:00', '2018-12-25 00:00:00', 0, 0, '2619', '2018-11-09 00:00:00', '', '', '1970-01-01 00:00:00', '2018-11-22 18:12:31', 2),
(338, 4, '₱18,900.00', 'HB181525', '1887', '2018-11-16 00:00:00', '2018-12-16 00:00:00', 0, 0, '2646', '2018-11-16 00:00:00', '', '', '1970-01-01 00:00:00', '2018-11-22 18:16:35', 2),
(339, 1, '₱104,847.30', '4504583551', '1888', '2018-11-16 00:00:00', '2018-12-25 00:00:00', 0, 0, '2652', '2018-11-16 00:00:00', '', '', '1970-01-01 00:00:00', '2018-11-22 18:21:02', 1),
(340, 1, '₱29,250.00', '4504601068', '1889', '2018-11-16 00:00:00', '2018-12-25 00:00:00', 0, 0, '2653', '2018-11-16 00:00:00', '', '', '1970-01-01 00:00:00', '2018-11-22 18:28:51', 1),
(341, 1, '₱46,882.50', '4504595765', '1916', '2018-11-22 00:00:00', '2018-12-25 00:00:00', 0, 0, '2687', '2018-11-22 00:00:00', '', '', '1970-01-01 00:00:00', '2018-11-22 19:58:03', 1),
(342, 1, '₱6,900.00', '4504597768', '1917', '2018-11-22 00:00:00', '2018-12-25 00:00:00', 0, 0, '2688', '2018-11-22 00:00:00', '', '', '1970-01-01 00:00:00', '2018-11-22 19:59:21', 1),
(343, 1, '₱278,400.00', '4504593958', '1918', '2018-11-22 00:00:00', '2018-12-25 00:00:00', 0, 0, '2689', '2018-11-22 00:00:00', '', '', '1970-01-01 00:00:00', '2018-11-22 20:00:29', 1),
(344, 1, '₱69,600.00', '4504593984', '1919', '2018-11-22 00:00:00', '2018-12-25 00:00:00', 0, 0, '2690', '2018-11-22 00:00:00', '', '', '1970-01-01 00:00:00', '2018-11-22 20:01:22', 1),
(345, 1, '₱2,160.00', '4504606344', '1922', '2018-11-23 00:00:00', '2018-12-25 00:00:00', 0, 0, '2691', '2018-11-23 00:00:00', '', '', '1970-01-01 00:00:00', '2018-11-23 03:07:42', 1),
(346, 2, '₱19,760.00', 'SC01938-18', '1926', '2018-11-24 00:00:00', '2018-12-24 00:00:00', 0, 0, '2694', '2018-11-24 00:00:00', '', '', '1970-01-01 00:00:00', '2018-11-28 02:11:39', 1),
(347, 10, '₱14,000.00', 'PHM191334', '1930', '2018-11-28 00:00:00', '2018-12-28 00:00:00', 0, 0, '2704', '2018-11-28 00:00:00', '', '', '1970-01-01 00:00:00', '2018-11-28 02:12:30', 1),
(348, 4, '₱14,500.00', 'HB181512', '1931', '2018-11-28 00:00:00', '2018-12-28 00:00:00', 0, 0, '2705', '2018-11-28 00:00:00', '', '', '1970-01-01 00:00:00', '2018-11-28 02:13:26', 1),
(349, 4, '₱34,020.00', 'HB181540', '1932', '2018-11-28 00:00:00', '2018-12-28 00:00:00', 0, 0, '2706', '2018-11-28 00:00:00', '', '', '1970-01-01 00:00:00', '2018-11-28 02:14:22', 1),
(350, 5, '₱35,000.00', '13533', '1933', '2018-11-29 00:00:00', '2018-12-29 00:00:00', 0, 0, '2677', '2018-11-29 00:00:00', '', '', '1970-01-01 00:00:00', '2018-11-29 02:46:40', 3),
(351, 4, '₱22,640.00', 'HB181564', '1934', '2018-11-29 00:00:00', '2018-12-29 00:00:00', 0, 0, '2707', '2018-11-29 00:00:00', '', '', '1970-01-01 00:00:00', '2018-11-29 02:47:57', 1),
(352, 1, '₱69,600.00', '4504593958', '1942', '2018-12-05 00:00:00', '2019-01-25 00:00:00', 0, 0, '2728', '2018-12-05 00:00:00', '', '', '1970-01-01 00:00:00', '2018-12-05 19:16:01', 1),
(353, 1, '₱51,965.00', '4504576321', '1943', '2018-12-05 00:00:00', '2019-01-25 00:00:00', 0, 0, '2729', '2018-12-05 00:00:00', '', '', '1970-01-01 00:00:00', '2018-12-05 19:24:46', 1),
(354, 10, '₱38,071.20', 'PHM181334', '1949', '2018-12-06 00:00:00', '2019-01-06 00:00:00', 0, 0, '2734', '2018-12-06 00:00:00', '', '', '1970-01-01 00:00:00', '2018-12-06 01:09:18', 1),
(355, 2, '₱2,800.00', 'SC01958-18', '1946', '2018-12-06 00:00:00', '2019-02-06 00:00:00', 0, 0, '2730', '2018-12-06 00:00:00', '', '', '1970-01-01 00:00:00', '2018-12-07 03:35:51', 1),
(356, 2, '₱5,505.25', 'SC01965-18', '1947', '2018-12-06 00:00:00', '2019-02-06 00:00:00', 0, 0, '2731', '2018-12-06 00:00:00', '', '', '1970-01-01 00:00:00', '2018-12-07 03:37:11', 1),
(357, 2, '₱2,660.00', 'SC01972-18', '1948', '2018-12-06 00:00:00', '2019-02-06 00:00:00', 0, 0, '2732', '2018-12-06 00:00:00', '', '', '1970-01-01 00:00:00', '2018-12-07 03:39:30', 1),
(358, 27, '₱19,200.00', '1955', '1958', '2018-12-10 00:00:00', '2019-01-10 00:00:00', 0, 0, '27410', '2018-12-10 00:00:00', '', '', '1970-01-01 00:00:00', '2018-12-09 23:52:46', 1),
(359, 1, '₱51,965.00', '4504576321', '1955', '2018-12-10 00:00:00', '2019-01-25 00:00:00', 0, 0, '2736', '2018-12-10 00:00:00', '', '', '1970-01-01 00:00:00', '2018-12-10 17:54:26', 1),
(360, 1, '₱6,880.00', '4504622932', '1956', '2018-12-10 00:00:00', '2019-01-25 00:00:00', 0, 0, '2737', '2018-12-10 00:00:00', '', '', '1970-01-01 00:00:00', '2018-12-10 17:55:04', 1),
(361, 1, '₱1,054.50', '4504623021', '1957', '2018-12-10 00:00:00', '2019-01-25 00:00:00', 0, 0, '2738', '2018-12-10 00:00:00', '', '', '1970-01-01 00:00:00', '2018-12-10 17:55:42', 1),
(362, 24, '₱60,849.60', '0053307', '1960', '2018-12-13 00:00:00', '2019-02-11 00:00:00', 0, 0, '2742', '2018-12-13 00:00:00', '', '', '1970-01-01 00:00:00', '2018-12-13 00:35:31', 1),
(363, 1, '₱260,309.20', '4504603165', '1972', '2018-12-14 00:00:00', '2019-01-25 00:00:00', 0, 0, '2750', '2018-12-14 00:00:00', '', '', '1970-01-01 00:00:00', '2018-12-14 17:03:13', 1),
(364, 10, '₱20,500.00', 'PHM181435', '1978', '2018-12-18 00:00:00', '2019-01-18 00:00:00', 0, 0, '3017', '2018-12-18 00:00:00', '', '', '1970-01-01 00:00:00', '2018-12-19 00:52:18', 1),
(365, 1, '₱14,561.64', '4504586831', '1939', '2018-12-04 00:00:00', '2019-01-25 00:00:00', 0, 0, '2725', '2018-12-04 00:00:00', '', '', '1970-01-01 00:00:00', '2018-12-19 00:52:56', 1),
(366, 27, '₱4,095.00', '1994', '1984', '2018-12-20 00:00:00', '2019-01-20 00:00:00', 0, 0, '3020', '2018-12-20 00:00:00', '', '', '1970-01-01 00:00:00', '2018-12-19 23:14:21', 1),
(367, 27, '₱2,460.00', '2007', '1985', '2018-12-20 00:00:00', '2019-01-20 00:00:00', 0, 0, '3021', '2018-12-20 00:00:00', '', '', '1970-01-01 00:00:00', '2018-12-19 23:15:02', 1),
(368, 1, '₱11,261.70', 'A201810310059', '1986', '2018-12-20 00:00:00', '2019-01-25 00:00:00', 0, 0, '3023', '2018-12-20 00:00:00', '', '', '1970-01-01 00:00:00', '2018-12-20 17:35:15', 1),
(369, 2, '₱17,575.00', 'SC02000-18', '1974', '2018-12-17 00:00:00', '2019-02-17 00:00:00', 0, 0, '3008', '2018-12-17 00:00:00', '', '', '1970-01-01 00:00:00', '2018-12-20 23:29:38', 1),
(370, 2, '₱6,070.50', 'SC02005-18', '1975', '2018-12-17 00:00:00', '2019-02-20 00:00:00', 0, 0, '3009', '2018-12-20 00:00:00', '', '', '1970-01-01 00:00:00', '2018-12-20 23:30:38', 1),
(371, 2, '₱10,912.50', 'SC02016-18', '1976', '2018-12-17 00:00:00', '2019-02-20 00:00:00', 0, 0, '3010', '2018-12-17 00:00:00', '', '', '1970-01-01 00:00:00', '2018-12-20 23:31:19', 1),
(372, 2, '₱6,650.00', 'SC01980-18', '1979', '2018-12-18 00:00:00', '2019-02-20 00:00:00', 0, 0, '3018', '2018-12-18 00:00:00', '', '', '1970-01-01 00:00:00', '2018-12-20 23:31:58', 1),
(373, 2, '₱10,041.50', 'SC02022-18', '1988', '2018-12-20 00:00:00', '2019-02-20 00:00:00', 0, 0, '3025', '2018-12-20 00:00:00', '', '', '1970-01-01 00:00:00', '2018-12-20 23:32:44', 1),
(374, 1, '₱76,625.15', '4504614260', '1982', '2018-12-21 00:00:00', '2019-01-25 00:00:00', 0, 0, '3022', '2018-12-21 00:00:00', '', '', '1970-01-01 00:00:00', '2018-12-20 23:51:17', 1),
(375, 1, '₱51,965.00', '4504611911', '1995', '2018-12-21 00:00:00', '2019-01-25 00:00:00', 0, 0, '3027', '2018-12-21 00:00:00', '', '', '1970-01-01 00:00:00', '2018-12-20 23:53:44', 1),
(376, 29, '₱8,650.00', '4726018442', '1996', '2018-12-21 00:00:00', '2019-01-21 00:00:00', 0, 0, '3028', '2018-12-21 00:00:00', '', '', '1970-01-01 00:00:00', '2018-12-20 23:58:25', 1),
(377, 1, '₱25,982.50', '4504611911', '1999', '2019-01-04 00:00:00', '2019-02-25 00:00:00', 0, 0, '2802', '2019-01-04 00:00:00', '', '', '1970-01-01 00:00:00', '2019-01-04 04:45:17', 1),
(378, 1, '₱174,000.00', '4504619403', '2003', '2019-01-04 00:00:00', '2019-02-25 00:00:00', 0, 0, '2804', '2019-01-04 00:00:00', '', '', '1970-01-01 00:00:00', '2019-01-04 04:46:10', 1),
(379, 1, '₱131,760.00', '4504606344', '2004', '2019-01-04 00:00:00', '2019-02-25 00:00:00', 0, 0, '2805', '2019-01-04 00:00:00', '', '', '1970-01-01 00:00:00', '2019-01-04 04:47:09', 1),
(380, 1, '₱28,190.00', '4504544807', '2005', '2019-01-04 00:00:00', '2019-02-25 00:00:00', 0, 0, '2806', '2019-01-04 00:00:00', '', '', '1970-01-01 00:00:00', '2019-01-04 04:47:46', 1),
(381, 4, '₱1,300.00', 'HB181617', '2008', '2019-01-07 00:00:00', '2019-02-07 00:00:00', 0, 0, '3002', '2018-12-13 00:00:00', '', '', '1970-01-01 00:00:00', '2019-01-07 03:51:42', 1),
(382, 3, '₱13,395.00', '70402/0', '2009', '2019-01-07 00:00:00', '2019-02-07 00:00:00', 0, 0, '2814', '2019-01-07 00:00:00', '', '', '1970-01-01 00:00:00', '2019-01-07 03:52:42', 1),
(383, 1, '₱34,800.00', '4504605078', '2010', '2019-01-08 00:00:00', '2019-02-25 00:00:00', 0, 0, '2815', '2019-01-08 00:00:00', '', '', '1970-01-01 00:00:00', '2019-01-08 17:14:26', 1),
(384, 1, '₱28,560.00', '4504636122', '2011', '2019-01-08 00:00:00', '2019-02-25 00:00:00', 0, 0, '2816', '2019-01-08 00:00:00', '', '', '1970-01-01 00:00:00', '2019-01-08 17:17:29', 1),
(385, 1, '₱14,557.50', '4504636123', '2012', '2019-01-08 00:00:00', '2019-02-25 00:00:00', 0, 0, '2817', '2019-01-08 00:00:00', '', '', '1970-01-01 00:00:00', '2019-01-08 17:18:50', 1),
(386, 1, '₱20,700.00', '4504636111', '2015', '2019-01-08 00:00:00', '2019-02-25 00:00:00', 0, 0, '2818', '2019-01-08 00:00:00', '', '', '1970-01-01 00:00:00', '2019-01-08 17:19:58', 1),
(387, 3, '₱28,000.00', '70493/0', '2016', '2019-01-09 00:00:00', '2019-02-09 00:00:00', 0, 0, '2819', '2019-01-09 00:00:00', '', '', '1970-01-01 00:00:00', '2019-01-10 00:34:09', 1),
(388, 3, '₱1,400.00', '70512/0', '2017', '2019-01-09 00:00:00', '2019-02-09 00:00:00', 0, 0, '2820', '2019-01-09 00:00:00', '', '', '1970-01-01 00:00:00', '2019-01-10 00:34:41', 1),
(389, 1, '₱53,100.00', '4504625751', '2020', '2019-01-10 00:00:00', '2019-02-25 00:00:00', 0, 0, '2823', '2019-01-10 00:00:00', '', '', '1970-01-01 00:00:00', '2019-01-10 18:34:13', 1),
(390, 1, '₱63,574.00', '4504622196', '2025', '2019-01-10 00:00:00', '2019-02-25 00:00:00', 0, 0, '2824', '2019-01-10 00:00:00', '', '', '1970-01-01 00:00:00', '2019-01-10 18:35:20', 1),
(391, 29, '₱7,650.00', '4726018610', '2026', '2019-01-11 00:00:00', '2019-02-11 00:00:00', 0, 0, '2826', '2019-01-11 00:00:00', '', '', '1970-01-01 00:00:00', '2019-01-10 21:11:47', 1),
(392, 4, '₱4,750.00', 'HB190006', '2013', '2019-01-08 00:00:00', '2019-02-08 00:00:00', 0, 0, '2812', '2019-01-08 00:00:00', '', '', '1970-01-01 00:00:00', '2019-01-11 23:11:05', 1),
(393, 4, '₱11,500.00', 'HB190012', '2028', '2019-01-15 00:00:00', '2019-01-12 00:00:00', 0, 4, '2828', '2019-01-12 00:00:00', '', '', '1970-01-01 00:00:00', '2019-01-15 00:42:26', 2),
(394, 5, '₱35,000.00', '13858', '2027', '2019-01-12 00:00:00', '2019-02-12 00:00:00', 27, 0, '2827', '2019-01-12 00:00:00', '', '', '1970-01-01 00:00:00', '2019-01-15 00:44:00', 3),
(395, 29, '₱25,000', '345345', '345345', '2019-01-01 00:00:00', '2019-01-31 00:00:00', 0, 0, '', '1970-01-01 01:00:00', '', '', '1970-01-01 01:00:00', '2019-01-17 09:05:04', 1);

-- --------------------------------------------------------

--
-- Table structure for table `hurtajadmin_company`
--

CREATE TABLE `hurtajadmin_company` (
  `id` int(11) NOT NULL,
  `company_name` varchar(255) NOT NULL,
  `company_address` varchar(255) NOT NULL,
  `company_contact` varchar(255) NOT NULL,
  `company_date_added` datetime NOT NULL,
  `company_status` int(11) NOT NULL
) ENGINE=InnoDB DEFAULT CHARSET=latin1;

--
-- Dumping data for table `hurtajadmin_company`
--

INSERT INTO `hurtajadmin_company` (`id`, `company_name`, `company_address`, `company_contact`, `company_date_added`, `company_status`) VALUES
(1, 'SAMSUNG ELECTRO-MECHANICS PHILIPPINES, CORP.', 'Blk 5 and 6, Calamba Premiere International Park, Brgy. Batino, Calamba City, Laguna 4027 Philippines', '0495088481', '2018-06-26 17:28:10', 1),
(2, 'JFS PRECISION TECHNOLOGY CORPORATION', 'Block 2, Lot 9, Daiichi Industrial Park-SEZ, Maguyam, Silang Cavite 4118', '0464105292', '2018-06-26 17:31:50', 1),
(3, 'OPTODEV, INC.', 'Blk 2, Lot 2, Star Avenue corner Interstar Street, LIIP SEPZ, Mamplasan, Biñan, Laguna 4024', '0495390977', '2018-06-26 19:36:56', 1),
(4, 'FRONTKEN PHILIPPINES, INC.', 'Lot C3-9 Carmelray Industrial Park II, Calamba City Laguna 4027 Philippines', '0495080049', '2018-06-29 02:40:14', 1),
(5, 'MIYOSHI TECHNOLOGIES PHILS., INC.', 'Lot B1-5 Road 6, Carmelray Industrial Park II, Brgy Tulo, Calamba City, Laguna 4027', '0495081388 to 90', '2018-06-29 02:50:43', 1),
(6, 'MANUVENTURES, INC.', 'Block 4 Lot 4, Gatchalian Compound, Brgy Banay-Banay, Cabuyao Laguna 4025', '0495451084', '2018-06-29 03:19:18', 1),
(7, 'MkFF LASERTEKNIQUE, INC.', '#141 East Main Avenue, Loop, Laguna Technopark SEPZ, Biñan, Laguna 4024', '0495022841', '2018-06-29 03:39:39', 1),
(8, 'STANLEY BLACK AND DECKER NETHERLANDS B.V., PHILIPPINE BRANCH', '105 Industry Road, Unit 4, Laguna Technopark Inc., Phase 1, Brgy Don Jose, Sta. Rosa, Laguna 4026', '0495433828', '2018-06-29 03:45:05', 1),
(9, 'FEP PRINTING CORPORATION', '3817 Mascardo St., Pasong Tamo, Makati City 1200', '0', '2018-06-29 04:02:43', 1),
(10, 'PROZZA HIROSE MANUFACTURING INC.', '#54 Magsaysay Road, San Pedro, Laguna 4023', '025410805', '2018-06-29 04:24:11', 1),
(11, 'ROBERTS - AIPMC', 'Canlubang Industrial Estate, Bo. Pittland, Cabuyao, Laguna 4025 ', '0495491943', '2018-06-29 17:29:55', 1),
(12, 'MANSFIELD INTERNATIONAL INC.', '2F The Arete Square Congressional Avenue, Quezon City', '029275828', '2018-06-29 19:01:42', 1),
(13, 'MANILA CORDAGE CO.', '116 Progress Ave., Carmelray Industrial Park 1, Canlubang, Calamba Laguna 4028', '028604500', '2018-06-29 19:08:19', 1),
(14, 'GZACE PHILS, INC.', 'Blk 1 Lot 1, Vizcarra Compound, Molino 3, Bacoor Cavite.', '0', '2018-06-29 19:09:23', 1),
(15, 'PRESTIGE E-MEDIA INC.', 'Unit 2704 Tycoon Centre, Pearl Drive, Ortigas, Pasig City', '0', '2018-06-29 19:11:05', 1),
(16, 'PRESTIGE INTERACTIVE ENTERPRISE', 'Unit 2704 Tycoon Centre, Pearl Drive, Ortigas, Pasig City', '0', '2018-06-29 19:12:00', 1),
(17, 'EDWARD KELLER (PHILIPPINES), INC.', '101 Prosperity corner Unity Avenue, Carmelray Industrial Park 1, Canlubang, Calamba, 4028 Laguna, Philippines', '028641600', '2018-06-29 19:13:47', 1),
(18, 'HANES GLOBAL SUPPLY CHAIN PHILS., INC.', 'L4 B4 Laguna International Industrial Park (LIIP) Mamplasan, Biñan, Laguna 4024', '0495390513 to 17', '2018-06-29 19:16:12', 1),
(19, 'AM-EURO PHARMA CORPORATION', 'Brgy. Saimsim, Calamba, Laguna 4027', '0495766352 / 0495766135', '2018-06-29 19:17:58', 1),
(20, 'MANCO SYNTHETICS INC.', '116 Progress Ave., Carmelray Industrial Park 1, Canlubang Calamba Laguna', '028604500', '2018-07-03 04:41:30', 1),
(21, 'TWD LOGISTICS INCORPORATED', 'Block 4 Lot 4, Gatchalian Compound, Brgy. Banay-Banay, Cabuyao, Laguna', '0495451084', '2018-07-03 20:13:35', 1),
(22, 'INOAC PHILIPPINES CORPORATION', 'RGC Compound, Brgy. Pittland, Cabuyao City, Laguna', '0495493331', '2018-08-03 19:41:25', 1),
(23, 'YAMAHA MOTOR PHILIPPINES INC.', 'Lot 1 ', '0', '2018-08-24 22:29:33', 2),
(24, 'YAMAHA MOTOR PHILIPPINES INC.', 'Lot 1 and 2 Block 17 Phase 1, Lima Technology Center, Malvar Batangas 4233', '0', '2018-08-24 22:31:55', 1),
(25, 'LUBCON LUBRICANTS ASIA PACIFIC INC.', 'Unit 1 Orient Goldcrest, Bldg. 5 Phase 6-A, Laguna Technopark SEZ, Biñan City, Laguna 4024 Philippines', '0495020502', '2018-08-24 22:40:15', 1),
(26, 'SONION PHILIPPINES INC.', 'Lot 30-A Phase 18, Lot 8, FPIP, Barangay Ulango, 4232, Tanauan City, Philippines', '0434308888', '2018-10-04 01:00:56', 1),
(27, 'EVERBRILLIANT MANUFACTURING CO., INC.', 'Bldg. 2 Blk 7 Lot 3, Cirsuit St., LISP, Brgy Diezmo, Cabuyao Laguna 4025', '0495301219', '2018-10-04 01:02:17', 1),
(28, 'INSTRUMENTATION AND CONTROL SPECIALISTS, INC.', 'No. 31 Mayon St., Mandaluyong City, 1550 Philippines', '027170417 / 027171299 / 025715441', '2018-10-08 01:34:17', 1),
(29, 'SHIMANO (PHILIPPINES) INC.', 'First Philippine Industrial Park 4232 Tanauan City, Batangas Philippines', '0', '2018-12-20 23:57:38', 1);

-- --------------------------------------------------------

--
-- Table structure for table `hurtajadmin_employee`
--

CREATE TABLE `hurtajadmin_employee` (
  `id` int(11) NOT NULL,
  `employee_id` varchar(100) NOT NULL,
  `employee_fname` varchar(255) NOT NULL,
  `employee_mname` varchar(255) NOT NULL,
  `employee_lname` varchar(255) NOT NULL,
  `employee_gender` int(11) NOT NULL,
  `employee_birthday` datetime NOT NULL,
  `employee_phone` varchar(255) NOT NULL,
  `employee_address` varchar(255) NOT NULL,
  `employee_date_hired` datetime NOT NULL,
  `employee_date_start` datetime NOT NULL,
  `employee_date_end` datetime NOT NULL,
  `employee_date_added` datetime NOT NULL,
  `employee_status` int(11) NOT NULL
) ENGINE=InnoDB DEFAULT CHARSET=latin1;

-- --------------------------------------------------------

--
-- Table structure for table `hurtajadmin_employee_identification`
--

CREATE TABLE `hurtajadmin_employee_identification` (
  `id` int(11) NOT NULL,
  `employee_id` int(11) NOT NULL,
  `emp_id` varchar(100) NOT NULL,
  `employee_identification_tin` varchar(100) DEFAULT NULL,
  `employee_identification_pagibig` varchar(100) DEFAULT NULL,
  `employee_identification_philhealth` varchar(100) DEFAULT NULL,
  `employee_identification_sss` varchar(100) DEFAULT NULL
) ENGINE=InnoDB DEFAULT CHARSET=latin1;

-- --------------------------------------------------------

--
-- Table structure for table `hurtajadmin_employee_settings`
--

CREATE TABLE `hurtajadmin_employee_settings` (
  `id` int(11) NOT NULL,
  `employee_id` int(11) NOT NULL,
  `emp_id` varchar(100) NOT NULL,
  `employee_settings_perhour` varchar(255) DEFAULT NULL,
  `employee_settings_tax` int(11) NOT NULL,
  `employee_settings_pagibig` int(11) NOT NULL,
  `employee_settings_sss` int(11) NOT NULL,
  `employee_settings_philhealth` int(11) NOT NULL
) ENGINE=InnoDB DEFAULT CHARSET=latin1;

-- --------------------------------------------------------

--
-- Table structure for table `hurtajadmin_holidays`
--

CREATE TABLE `hurtajadmin_holidays` (
  `id` int(11) NOT NULL,
  `holidays_name` varchar(255) NOT NULL,
  `holidays_type` int(11) NOT NULL,
  `holidays_date` datetime NOT NULL,
  `holidays_date_added` datetime NOT NULL,
  `holidays_status` int(11) NOT NULL
) ENGINE=InnoDB DEFAULT CHARSET=latin1;

-- --------------------------------------------------------

--
-- Table structure for table `hurtajadmin_holiday_rate`
--

CREATE TABLE `hurtajadmin_holiday_rate` (
  `id` int(11) NOT NULL,
  `holiday_rate_name` varchar(255) NOT NULL,
  `holiday_rate_percent` varchar(255) NOT NULL
) ENGINE=InnoDB DEFAULT CHARSET=latin1;

-- --------------------------------------------------------

--
-- Table structure for table `hurtajadmin_leave`
--

CREATE TABLE `hurtajadmin_leave` (
  `id` int(11) NOT NULL,
  `employee_id` varchar(11) NOT NULL,
  `leave_type` int(11) NOT NULL,
  `leave_start` datetime NOT NULL,
  `leave_end` datetime NOT NULL,
  `leave_date` datetime NOT NULL,
  `leave_reason` varchar(255) NOT NULL,
  `leave_remarks` varchar(255) DEFAULT NULL,
  `leave_status` int(11) NOT NULL
) ENGINE=InnoDB DEFAULT CHARSET=latin1;

-- --------------------------------------------------------

--
-- Table structure for table `hurtajadmin_leave_update_history`
--

CREATE TABLE `hurtajadmin_leave_update_history` (
  `id` int(11) NOT NULL,
  `leave_id` int(11) NOT NULL,
  `leave_update_history_type` int(11) NOT NULL,
  `leave_update_history_start` datetime NOT NULL,
  `leave_update_history_end` datetime NOT NULL,
  `leave_update_history_date` datetime NOT NULL,
  `leave_update_history_reason` varchar(255) NOT NULL,
  `leave_update_history_remarks` varchar(255) DEFAULT NULL,
  `leave_update_history_status` int(11) NOT NULL
) ENGINE=InnoDB DEFAULT CHARSET=latin1;

-- --------------------------------------------------------

--
-- Table structure for table `hurtajadmin_pagibig_contribution`
--

CREATE TABLE `hurtajadmin_pagibig_contribution` (
  `id` int(11) NOT NULL,
  `pagibig_contribution_range_from` varchar(255) NOT NULL,
  `pagibig_contribution_range_to` varchar(255) NOT NULL,
  `pagibig_contribution_contribution` varchar(255) NOT NULL
) ENGINE=InnoDB DEFAULT CHARSET=latin1;

--
-- Dumping data for table `hurtajadmin_pagibig_contribution`
--

INSERT INTO `hurtajadmin_pagibig_contribution` (`id`, `pagibig_contribution_range_from`, `pagibig_contribution_range_to`, `pagibig_contribution_contribution`) VALUES
(1, '0', '1500', '50'),
(2, '1501', '1000000', '100');

-- --------------------------------------------------------

--
-- Table structure for table `hurtajadmin_payables`
--

CREATE TABLE `hurtajadmin_payables` (
  `id` int(11) NOT NULL,
  `supplier_id` int(11) NOT NULL,
  `payables_total_amount` varchar(255) NOT NULL,
  `payables_po_number` varchar(255) NOT NULL,
  `payables_invoice_number` varchar(255) NOT NULL,
  `payables_invoice_date` datetime NOT NULL,
  `payables_maturity_date` datetime NOT NULL,
  `payables_paid_left_days` int(11) DEFAULT NULL,
  `payables_paid_exceed_days` int(11) DEFAULT NULL,
  `payables_dr_number` varchar(255) DEFAULT NULL,
  `payables_delivery_date` datetime DEFAULT NULL,
  `payables_bank` varchar(255) DEFAULT NULL,
  `payables_check_number` varchar(255) DEFAULT NULL,
  `payables_check_date` datetime DEFAULT NULL,
  `payables_date_added` datetime DEFAULT NULL,
  `payables_status` int(11) NOT NULL
) ENGINE=InnoDB DEFAULT CHARSET=latin1;

--
-- Dumping data for table `hurtajadmin_payables`
--

INSERT INTO `hurtajadmin_payables` (`id`, `supplier_id`, `payables_total_amount`, `payables_po_number`, `payables_invoice_number`, `payables_invoice_date`, `payables_maturity_date`, `payables_paid_left_days`, `payables_paid_exceed_days`, `payables_dr_number`, `payables_delivery_date`, `payables_bank`, `payables_check_number`, `payables_check_date`, `payables_date_added`, `payables_status`) VALUES
(1, 1, '₱14,000.00', '002324', 'AA00254789', '2018-09-28 00:00:00', '2018-10-28 00:00:00', 0, 0, 'BV1476', '2018-09-27 00:00:00', '', '', '1970-01-01 00:00:00', '2018-10-17 19:05:29', 1);

-- --------------------------------------------------------

--
-- Table structure for table `hurtajadmin_payroll`
--

CREATE TABLE `hurtajadmin_payroll` (
  `id` int(11) NOT NULL,
  `payroll_employee` varchar(255) NOT NULL,
  `payroll_payperiod_1` datetime NOT NULL,
  `payroll_payperiod_2` datetime NOT NULL,
  `payroll_daysofwork` varchar(255) NOT NULL,
  `payroll_dayspresent` varchar(255) NOT NULL,
  `payroll_overtime` varchar(255) NOT NULL,
  `payroll_sss` varchar(255) NOT NULL,
  `payroll_sssloan` varchar(255) NOT NULL,
  `payroll_pagibig` varchar(255) NOT NULL,
  `payroll_pagibigloan` varchar(255) NOT NULL,
  `payroll_philhealth` varchar(255) NOT NULL,
  `payroll_tax` varchar(255) NOT NULL,
  `payroll_lesslates` varchar(255) NOT NULL,
  `payroll_cashloan` varchar(255) NOT NULL,
  `payroll_cashadvance` varchar(255) NOT NULL,
  `payroll_sunday1` varchar(255) NOT NULL,
  `payroll_ratehour` varchar(255) NOT NULL,
  `payroll_payrolperiod` datetime NOT NULL,
  `payroll_rateday` varchar(255) NOT NULL,
  `payroll_holiday1` varchar(255) NOT NULL,
  `payroll_snwh1` varchar(255) NOT NULL,
  `payroll_daily` varchar(255) NOT NULL,
  `payroll_overtimepay` varchar(255) NOT NULL,
  `payroll_sunday2` varchar(255) NOT NULL,
  `payroll_holiday2` varchar(255) NOT NULL,
  `payroll_snwh2` varchar(255) NOT NULL,
  `payroll_gross` varchar(255) NOT NULL,
  `payroll_totaldeduction` varchar(255) NOT NULL,
  `payroll_net` varchar(255) NOT NULL,
  `payroll_date_added` datetime NOT NULL,
  `payroll_status` int(11) NOT NULL
) ENGINE=InnoDB DEFAULT CHARSET=latin1;

-- --------------------------------------------------------

--
-- Table structure for table `hurtajadmin_philhealth_contribution`
--

CREATE TABLE `hurtajadmin_philhealth_contribution` (
  `id` int(11) NOT NULL,
  `philhealth_contribution_range_from` varchar(255) NOT NULL,
  `philhealth_contribution_range_to` varchar(255) NOT NULL,
  `philhealth_contribution_contribution` varchar(255) NOT NULL
) ENGINE=InnoDB DEFAULT CHARSET=latin1;

--
-- Dumping data for table `hurtajadmin_philhealth_contribution`
--

INSERT INTO `hurtajadmin_philhealth_contribution` (`id`, `philhealth_contribution_range_from`, `philhealth_contribution_range_to`, `philhealth_contribution_contribution`) VALUES
(1, '0', '8999', '200'),
(2, '9000', '9999', '225'),
(3, '10000', '10999', '250'),
(4, '11000', '11999', '275'),
(5, '12000', '12999', '300'),
(6, '13000', '13999', '325'),
(7, '14000', '14999', '350'),
(8, '15000', '15999', '375'),
(9, '16000', '16999', '400'),
(10, '17000', '17999', '425'),
(11, '18000', '18999', '450'),
(12, '19000', '19999', '475'),
(13, '20000', '20999', '500'),
(14, '9000', '9999', '525'),
(15, '21000', '21999', '550'),
(16, '22000', '22999', '575'),
(17, '23000', '23999', '600'),
(18, '24000', '24999', '625'),
(19, '25000', '25999', '650'),
(20, '26000', '26999', '675'),
(21, '27000', '27999', '700'),
(22, '28000', '28999', '725'),
(23, '29000', '29999', '750'),
(24, '30000', '30999', '775'),
(25, '31000', '31999', '800'),
(26, '32000', '32999', '825'),
(27, '33000', '33999', '850'),
(28, '34000', '34999', '875'),
(29, '35000', '35999', '875'),
(30, '36000', '36999', '875'),
(31, '37000', '37999', '875'),
(32, '38000', '38999', '875'),
(33, '39000', '1000000', '875');

-- --------------------------------------------------------

--
-- Table structure for table `hurtajadmin_regular_payslip`
--

CREATE TABLE `hurtajadmin_regular_payslip` (
  `id` int(11) NOT NULL,
  `regular_payslip_payslip_id` varchar(14) NOT NULL,
  `regular_payslip_date_cycle_month` int(11) NOT NULL,
  `regular_payslip_date_cycle_cycle` int(11) NOT NULL,
  `regular_payslip_date_cycle_year` int(11) NOT NULL,
  `employee_id` varchar(255) NOT NULL,
  `regular_payslip_basic_pay` varchar(255) NOT NULL,
  `regular_payslip_overtime_pay` varchar(255) NOT NULL,
  `regular_payslip_tax_cont` varchar(255) NOT NULL,
  `regular_payslip_pagibig_cont` varchar(255) NOT NULL,
  `regular_payslip_sss_cont` varchar(255) NOT NULL,
  `regular_payslip_philhealth_cont` varchar(255) NOT NULL,
  `regular_payslip_days_of_work` varchar(255) NOT NULL,
  `regular_payslip_days_present` varchar(255) NOT NULL,
  `regular_payslip_cash_advance` varchar(255) NOT NULL,
  `regular_payslip_cash_loan` varchar(255) NOT NULL,
  `regular_payslip_cash_loan_sss` varchar(255) NOT NULL,
  `regular_payslip_less_lates_hours` varchar(255) NOT NULL,
  `regular_payslip_less_lates` varchar(255) NOT NULL,
  `regular_payslip_s_non_working_holiday_hours` varchar(255) NOT NULL,
  `regular_payslip_s_non_working_holiday` varchar(255) NOT NULL,
  `regular_payslip_holiday_hours` varchar(255) NOT NULL,
  `regular_payslip_holiday` varchar(255) NOT NULL,
  `regular_payslip_sunday_hours` varchar(255) NOT NULL,
  `regular_payslip_sunday` varchar(255) NOT NULL,
  `regular_payslip_basic_reg_ot_hours` varchar(255) NOT NULL,
  `regular_payslip_basic_reg_ot` varchar(255) NOT NULL,
  `regular_payslip_basic_reg_hours` varchar(255) NOT NULL,
  `regular_payslip_basic_reg` varchar(255) NOT NULL,
  `regular_payslip_date_created` datetime NOT NULL,
  `regular_payslip_status` int(11) NOT NULL
) ENGINE=InnoDB DEFAULT CHARSET=latin1;

-- --------------------------------------------------------

--
-- Table structure for table `hurtajadmin_sss_contribution`
--

CREATE TABLE `hurtajadmin_sss_contribution` (
  `id` int(11) NOT NULL,
  `sss_contribution_range_from` varchar(255) NOT NULL,
  `sss_contribution_range_to` varchar(255) NOT NULL,
  `sss_contribution_contribution` varchar(255) NOT NULL
) ENGINE=InnoDB DEFAULT CHARSET=latin1;

--
-- Dumping data for table `hurtajadmin_sss_contribution`
--

INSERT INTO `hurtajadmin_sss_contribution` (`id`, `sss_contribution_range_from`, `sss_contribution_range_to`, `sss_contribution_contribution`) VALUES
(1, '1000', '1249', '110'),
(2, '1250', '1749', '165'),
(3, '1750', '2249', '220'),
(4, '2250', '2749', '275'),
(5, '2750', '3249', '330'),
(6, '3250', '3749', '385'),
(7, '3750', '4249', '440'),
(8, '4250', '4749', '495'),
(9, '4750', '5249', '550'),
(10, '5250', '5749', '605'),
(11, '5750', '6249', '660'),
(12, '6250', '6749', '715'),
(13, '6750', '7249', '770'),
(14, '7250', '7749', '825'),
(15, '7750', '8249', '880'),
(16, '8250', '8749', '935'),
(17, '8750', '9249', '990'),
(18, '9250', '9749', '1045'),
(19, '9750', '10249', '1100'),
(20, '10250', '10749', '1155'),
(21, '10750', '11249', '1210'),
(22, '11250', '11749', '1265'),
(23, '11750', '12249', '1320'),
(24, '12250', '12749', '1375'),
(25, '12750', '13249', '1430'),
(26, '13250', '13749', '1485'),
(27, '13750', '14249', '1540'),
(28, '14259', '14749', '1595'),
(29, '14750', '15249', '1650'),
(30, '15250', '15749', '1705'),
(31, '15750', '1000000', '1760');

-- --------------------------------------------------------

--
-- Table structure for table `hurtajadmin_supplier`
--

CREATE TABLE `hurtajadmin_supplier` (
  `id` int(11) NOT NULL,
  `supplier_name` varchar(255) NOT NULL,
  `supplier_address` varchar(255) NOT NULL,
  `supplier_contact` varchar(255) NOT NULL,
  `supplier_date_added` datetime NOT NULL,
  `supplier_status` int(11) NOT NULL
) ENGINE=InnoDB DEFAULT CHARSET=latin1;

--
-- Dumping data for table `hurtajadmin_supplier`
--

INSERT INTO `hurtajadmin_supplier` (`id`, `supplier_name`, `supplier_address`, `supplier_contact`, `supplier_date_added`, `supplier_status`) VALUES
(1, 'Air Liquide Philippines, Inc.', '12/F Ecotower Building 32nd Street Corner 9th Avenue Bonifacio Global City, Taguig City', '028381780', '2018-10-17 19:01:20', 1);

-- --------------------------------------------------------

--
-- Table structure for table `hurtajadmin_tax_contribution`
--

CREATE TABLE `hurtajadmin_tax_contribution` (
  `id` int(11) NOT NULL,
  `tax_contribution_range_from` varchar(255) NOT NULL,
  `tax_contribution_range_to` varchar(255) NOT NULL,
  `tax_contribution_contribution` varchar(255) NOT NULL
) ENGINE=InnoDB DEFAULT CHARSET=latin1;

--
-- Dumping data for table `hurtajadmin_tax_contribution`
--

INSERT INTO `hurtajadmin_tax_contribution` (`id`, `tax_contribution_range_from`, `tax_contribution_range_to`, `tax_contribution_contribution`) VALUES
(1, '0', '10417', ''),
(2, '10418', '16667', ''),
(3, '16668', '33333', ''),
(4, '33334', '83333', ''),
(5, '83334', '333333', '');

-- --------------------------------------------------------

--
-- Table structure for table `hurtajadmin_tertint_payslip`
--

CREATE TABLE `hurtajadmin_tertint_payslip` (
  `id` int(11) NOT NULL,
  `tertint_payslip_payslip_id` varchar(14) NOT NULL,
  `tertint_payslip_date_cycle_year` int(11) NOT NULL,
  `employee_id` varchar(255) NOT NULL,
  `tertint_payslip_ot_pay` varchar(255) NOT NULL,
  `tertint_payslip_ot_pay_hours` varchar(255) NOT NULL,
  `tertint_payslip_tertint_pay` varchar(255) NOT NULL,
  `tertint_payslip_tertint_pay_hours` varchar(255) NOT NULL,
  `tertint_payslip_days_of_work` varchar(255) NOT NULL,
  `tertint_payslip_days_present` varchar(255) NOT NULL,
  `tertint_payslip_date_created` datetime NOT NULL,
  `tertint_payslip_status` int(11) NOT NULL
) ENGINE=InnoDB DEFAULT CHARSET=latin1;

-- --------------------------------------------------------

--
-- Table structure for table `hurtajadmin_user`
--

CREATE TABLE `hurtajadmin_user` (
  `id` int(11) NOT NULL,
  `user_email` varchar(255) NOT NULL,
  `user_pass` varchar(255) NOT NULL,
  `user_fname` varchar(255) NOT NULL,
  `user_lname` varchar(255) NOT NULL,
  `user_ip` int(11) NOT NULL,
  `user_date_created` datetime NOT NULL,
  `user_last_login` datetime NOT NULL,
  `user_level` int(11) NOT NULL,
  `user_status` int(11) NOT NULL
) ENGINE=InnoDB DEFAULT CHARSET=latin1;

--
-- Dumping data for table `hurtajadmin_user`
--

INSERT INTO `hurtajadmin_user` (`id`, `user_email`, `user_pass`, `user_fname`, `user_lname`, `user_ip`, `user_date_created`, `user_last_login`, `user_level`, `user_status`) VALUES
(1, 'admin', 'admin', 'Administrator', 'Administrator', 1, '2018-05-18 00:00:00', '2019-01-17 08:57:34', 1, 1);

--
-- Indexes for dumped tables
--

--
-- Indexes for table `hurtajadmin_attendance`
--
ALTER TABLE `hurtajadmin_attendance`
  ADD PRIMARY KEY (`id`);

--
-- Indexes for table `hurtajadmin_cash_loan_advance`
--
ALTER TABLE `hurtajadmin_cash_loan_advance`
  ADD PRIMARY KEY (`id`);

--
-- Indexes for table `hurtajadmin_collectibles`
--
ALTER TABLE `hurtajadmin_collectibles`
  ADD PRIMARY KEY (`id`);

--
-- Indexes for table `hurtajadmin_company`
--
ALTER TABLE `hurtajadmin_company`
  ADD PRIMARY KEY (`id`);

--
-- Indexes for table `hurtajadmin_employee`
--
ALTER TABLE `hurtajadmin_employee`
  ADD PRIMARY KEY (`id`);

--
-- Indexes for table `hurtajadmin_employee_identification`
--
ALTER TABLE `hurtajadmin_employee_identification`
  ADD PRIMARY KEY (`id`);

--
-- Indexes for table `hurtajadmin_employee_settings`
--
ALTER TABLE `hurtajadmin_employee_settings`
  ADD PRIMARY KEY (`id`);

--
-- Indexes for table `hurtajadmin_holidays`
--
ALTER TABLE `hurtajadmin_holidays`
  ADD PRIMARY KEY (`id`);

--
-- Indexes for table `hurtajadmin_holiday_rate`
--
ALTER TABLE `hurtajadmin_holiday_rate`
  ADD PRIMARY KEY (`id`);

--
-- Indexes for table `hurtajadmin_leave`
--
ALTER TABLE `hurtajadmin_leave`
  ADD PRIMARY KEY (`id`);

--
-- Indexes for table `hurtajadmin_leave_update_history`
--
ALTER TABLE `hurtajadmin_leave_update_history`
  ADD PRIMARY KEY (`id`);

--
-- Indexes for table `hurtajadmin_pagibig_contribution`
--
ALTER TABLE `hurtajadmin_pagibig_contribution`
  ADD PRIMARY KEY (`id`);

--
-- Indexes for table `hurtajadmin_payables`
--
ALTER TABLE `hurtajadmin_payables`
  ADD PRIMARY KEY (`id`);

--
-- Indexes for table `hurtajadmin_payroll`
--
ALTER TABLE `hurtajadmin_payroll`
  ADD PRIMARY KEY (`id`);

--
-- Indexes for table `hurtajadmin_philhealth_contribution`
--
ALTER TABLE `hurtajadmin_philhealth_contribution`
  ADD PRIMARY KEY (`id`);

--
-- Indexes for table `hurtajadmin_regular_payslip`
--
ALTER TABLE `hurtajadmin_regular_payslip`
  ADD PRIMARY KEY (`id`);

--
-- Indexes for table `hurtajadmin_sss_contribution`
--
ALTER TABLE `hurtajadmin_sss_contribution`
  ADD PRIMARY KEY (`id`);

--
-- Indexes for table `hurtajadmin_supplier`
--
ALTER TABLE `hurtajadmin_supplier`
  ADD PRIMARY KEY (`id`);

--
-- Indexes for table `hurtajadmin_tax_contribution`
--
ALTER TABLE `hurtajadmin_tax_contribution`
  ADD PRIMARY KEY (`id`);

--
-- Indexes for table `hurtajadmin_tertint_payslip`
--
ALTER TABLE `hurtajadmin_tertint_payslip`
  ADD PRIMARY KEY (`id`);

--
-- Indexes for table `hurtajadmin_user`
--
ALTER TABLE `hurtajadmin_user`
  ADD PRIMARY KEY (`id`);

--
-- AUTO_INCREMENT for dumped tables
--

--
-- AUTO_INCREMENT for table `hurtajadmin_attendance`
--
ALTER TABLE `hurtajadmin_attendance`
  MODIFY `id` int(11) NOT NULL AUTO_INCREMENT;

--
-- AUTO_INCREMENT for table `hurtajadmin_cash_loan_advance`
--
ALTER TABLE `hurtajadmin_cash_loan_advance`
  MODIFY `id` int(11) NOT NULL AUTO_INCREMENT;

--
-- AUTO_INCREMENT for table `hurtajadmin_collectibles`
--
ALTER TABLE `hurtajadmin_collectibles`
  MODIFY `id` int(11) NOT NULL AUTO_INCREMENT, AUTO_INCREMENT=396;

--
-- AUTO_INCREMENT for table `hurtajadmin_company`
--
ALTER TABLE `hurtajadmin_company`
  MODIFY `id` int(11) NOT NULL AUTO_INCREMENT, AUTO_INCREMENT=30;

--
-- AUTO_INCREMENT for table `hurtajadmin_employee`
--
ALTER TABLE `hurtajadmin_employee`
  MODIFY `id` int(11) NOT NULL AUTO_INCREMENT;

--
-- AUTO_INCREMENT for table `hurtajadmin_employee_identification`
--
ALTER TABLE `hurtajadmin_employee_identification`
  MODIFY `id` int(11) NOT NULL AUTO_INCREMENT;

--
-- AUTO_INCREMENT for table `hurtajadmin_employee_settings`
--
ALTER TABLE `hurtajadmin_employee_settings`
  MODIFY `id` int(11) NOT NULL AUTO_INCREMENT;

--
-- AUTO_INCREMENT for table `hurtajadmin_holidays`
--
ALTER TABLE `hurtajadmin_holidays`
  MODIFY `id` int(11) NOT NULL AUTO_INCREMENT;

--
-- AUTO_INCREMENT for table `hurtajadmin_holiday_rate`
--
ALTER TABLE `hurtajadmin_holiday_rate`
  MODIFY `id` int(11) NOT NULL AUTO_INCREMENT;

--
-- AUTO_INCREMENT for table `hurtajadmin_leave`
--
ALTER TABLE `hurtajadmin_leave`
  MODIFY `id` int(11) NOT NULL AUTO_INCREMENT;

--
-- AUTO_INCREMENT for table `hurtajadmin_leave_update_history`
--
ALTER TABLE `hurtajadmin_leave_update_history`
  MODIFY `id` int(11) NOT NULL AUTO_INCREMENT;

--
-- AUTO_INCREMENT for table `hurtajadmin_pagibig_contribution`
--
ALTER TABLE `hurtajadmin_pagibig_contribution`
  MODIFY `id` int(11) NOT NULL AUTO_INCREMENT, AUTO_INCREMENT=3;

--
-- AUTO_INCREMENT for table `hurtajadmin_payables`
--
ALTER TABLE `hurtajadmin_payables`
  MODIFY `id` int(11) NOT NULL AUTO_INCREMENT, AUTO_INCREMENT=2;

--
-- AUTO_INCREMENT for table `hurtajadmin_payroll`
--
ALTER TABLE `hurtajadmin_payroll`
  MODIFY `id` int(11) NOT NULL AUTO_INCREMENT;

--
-- AUTO_INCREMENT for table `hurtajadmin_philhealth_contribution`
--
ALTER TABLE `hurtajadmin_philhealth_contribution`
  MODIFY `id` int(11) NOT NULL AUTO_INCREMENT, AUTO_INCREMENT=34;

--
-- AUTO_INCREMENT for table `hurtajadmin_regular_payslip`
--
ALTER TABLE `hurtajadmin_regular_payslip`
  MODIFY `id` int(11) NOT NULL AUTO_INCREMENT;

--
-- AUTO_INCREMENT for table `hurtajadmin_sss_contribution`
--
ALTER TABLE `hurtajadmin_sss_contribution`
  MODIFY `id` int(11) NOT NULL AUTO_INCREMENT, AUTO_INCREMENT=32;

--
-- AUTO_INCREMENT for table `hurtajadmin_supplier`
--
ALTER TABLE `hurtajadmin_supplier`
  MODIFY `id` int(11) NOT NULL AUTO_INCREMENT, AUTO_INCREMENT=2;

--
-- AUTO_INCREMENT for table `hurtajadmin_tax_contribution`
--
ALTER TABLE `hurtajadmin_tax_contribution`
  MODIFY `id` int(11) NOT NULL AUTO_INCREMENT, AUTO_INCREMENT=6;

--
-- AUTO_INCREMENT for table `hurtajadmin_tertint_payslip`
--
ALTER TABLE `hurtajadmin_tertint_payslip`
  MODIFY `id` int(11) NOT NULL AUTO_INCREMENT;

--
-- AUTO_INCREMENT for table `hurtajadmin_user`
--
ALTER TABLE `hurtajadmin_user`
  MODIFY `id` int(11) NOT NULL AUTO_INCREMENT, AUTO_INCREMENT=2;
COMMIT;

/*!40101 SET CHARACTER_SET_CLIENT=@OLD_CHARACTER_SET_CLIENT */;
/*!40101 SET CHARACTER_SET_RESULTS=@OLD_CHARACTER_SET_RESULTS */;
/*!40101 SET COLLATION_CONNECTION=@OLD_COLLATION_CONNECTION */;
